id,gender,age,hypertension,heart_disease,ever_married,work_type,Residence_type,avg_glucose_level,bmi,smoking_status,stroke
9046,1,6,0,1,1,0,0,6,4,2,1
31112,1,7,0,1,1,0,1,2,3,0,1
60182,0,4,0,0,1,0,0,5,3,3,1
1665,0,7,1,0,1,1,1,5,1,0,1
56669,1,7,0,0,1,0,0,5,2,2,1
53882,1,7,1,1,1,0,1,1,2,0,1
10434,0,6,0,0,0,0,0,1,1,0,1
60491,0,7,0,0,1,0,0,0,1,1,1
12109,0,7,1,0,1,0,1,1,2,0,1
12095,0,6,0,1,1,2,1,3,4,3,1
12175,0,5,0,0,1,0,0,2,2,3,1
5317,0,7,0,1,1,0,0,6,2,0,1
58202,0,4,1,0,1,1,1,5,3,0,1
56112,1,6,0,1,1,0,0,5,4,3,1
34120,1,7,1,0,1,0,0,6,2,3,1
27458,0,6,0,0,0,0,0,1,4,0,1
70630,0,7,0,0,1,2,1,5,1,3,1
13861,0,5,1,0,1,1,0,6,5,0,1
68794,0,7,0,0,1,1,0,6,2,0,1
64778,1,7,0,1,1,0,1,6,3,1,1
4219,1,7,0,0,1,0,0,2,2,2,1
70822,1,7,0,0,1,1,1,2,1,0,1
38047,0,6,0,0,1,0,1,2,2,2,1
54827,1,6,0,1,1,1,0,5,2,3,1
43717,1,5,1,0,1,0,0,6,5,3,1
33879,1,3,0,0,1,0,1,1,2,1,1
39373,0,7,1,0,1,1,0,5,1,0,1
54401,1,7,0,1,1,1,0,7,3,2,1
14248,1,4,0,0,0,2,0,1,2,0,1
712,0,7,1,1,0,0,1,1,2,2,1
47269,1,7,0,0,1,0,1,6,3,2,1
24977,0,7,1,0,1,0,1,1,1,2,1
47306,1,5,0,0,0,0,1,1,3,1,1
62602,0,4,0,0,1,0,0,0,2,0,1
4651,1,7,0,0,1,0,1,1,1,2,1
1261,1,5,0,0,1,0,0,1,2,0,1
61960,1,7,0,1,1,0,0,4,2,3,1
7937,1,6,1,0,1,2,0,6,1,3,1
19824,1,7,1,0,1,0,1,6,3,0,1
47472,0,5,0,0,1,0,0,2,4,2,1
35626,1,7,0,0,1,1,0,1,3,0,1
36338,0,3,1,0,1,0,1,0,4,3,1
59190,0,7,0,1,1,0,1,4,2,0,1
47167,0,7,1,0,1,1,0,3,3,0,1
25831,1,6,0,1,1,0,1,5,4,2,1
38829,0,7,0,0,1,0,1,0,3,0,1
58631,1,7,1,0,1,1,0,5,3,0,1
5111,0,5,1,0,1,2,0,5,2,0,1
10710,0,5,0,0,1,0,0,5,5,2,1
55927,0,7,1,0,1,0,1,1,1,0,1
65842,0,6,1,0,1,1,1,0,2,3,1
19557,0,4,0,0,1,0,1,1,3,2,1
17013,1,7,1,0,0,0,0,3,1,0,1
17004,0,6,0,0,1,0,0,6,5,0,1
72366,1,7,0,0,1,0,0,2,1,1,1
6118,1,5,0,0,1,0,0,1,3,2,1
7371,0,7,1,0,1,1,1,1,2,0,1
2326,0,6,1,0,1,0,1,5,2,2,1
27169,0,6,1,0,1,2,1,3,3,2,1
50784,1,6,0,0,1,0,1,6,2,0,1
19773,0,5,0,0,1,0,1,1,2,0,1
66159,0,7,0,1,1,1,1,0,1,2,1
36236,1,7,1,0,1,0,0,6,2,0,1
71673,0,7,0,0,1,0,0,3,1,2,1
42117,1,3,0,0,1,1,0,4,5,1,1
57419,1,5,0,0,1,0,1,1,5,1,1
26727,0,7,0,0,0,0,1,1,1,0,1
66638,0,6,1,0,0,1,0,1,2,0,1
32399,1,5,0,0,1,0,1,1,2,3,1
3253,1,6,0,1,1,0,1,3,2,3,1
71796,0,6,0,1,1,0,1,0,3,2,1
14499,1,4,0,0,1,0,0,1,5,2,1
49130,1,7,0,0,1,0,0,1,2,1,1
28291,0,7,0,1,1,0,0,6,2,0,1
51169,1,7,0,0,1,0,0,1,2,0,1
66315,0,5,0,0,0,1,0,0,4,0,1
37726,0,7,1,0,1,1,0,0,2,1,1
54385,1,4,0,0,1,0,1,0,2,0,1
2458,0,7,0,0,1,0,1,6,3,0,1
35512,0,6,0,0,1,1,1,1,1,2,1
56841,1,5,0,1,1,0,1,6,3,3,1
8154,1,5,1,0,1,2,0,1,2,2,1
4639,0,6,0,0,1,2,0,1,2,0,1
12363,1,6,0,1,1,2,0,1,2,1,1
63973,0,7,0,0,1,2,1,5,3,0,1
45277,0,7,0,0,1,0,1,6,3,2,1
4712,0,7,0,1,1,1,1,1,1,1,1
33175,0,5,0,0,1,2,0,3,2,1,1
42072,0,4,1,0,1,0,1,1,3,2,1
12062,0,5,0,0,1,1,1,5,5,3,1
30456,0,7,0,0,1,0,1,1,1,0,1
59125,0,5,0,0,1,2,0,0,5,0,1
56546,1,7,0,1,1,0,1,4,1,2,1
48405,1,7,0,1,1,0,0,0,1,3,1
41069,0,4,0,0,1,0,1,6,6,0,1
71639,0,6,0,0,0,2,0,1,2,1,1
53401,1,7,1,1,0,2,1,6,3,0,1
60744,1,6,1,0,1,1,1,1,2,3,1
7547,1,7,0,0,1,0,0,1,3,3,1
31720,0,3,0,0,0,1,0,1,1,2,1
5563,0,7,0,0,1,0,0,2,3,0,1
68798,0,5,0,0,1,0,1,0,2,2,1
72918,0,5,1,0,1,0,0,0,3,1,1
13491,1,7,0,0,1,0,1,7,3,3,1
44033,1,5,1,0,1,0,1,6,4,0,1
50522,0,7,0,0,1,2,0,4,2,0,1
70943,0,7,0,0,1,0,0,1,1,1,1
37132,1,7,0,0,1,2,0,6,2,2,1
53440,0,7,1,0,1,0,1,5,4,0,1
16817,0,7,1,0,0,0,0,4,1,0,1
69551,1,6,1,0,0,0,1,5,4,0,1
20387,0,6,1,0,1,1,1,6,2,0,1
71279,0,7,0,0,1,2,0,7,4,0,1
55824,1,7,0,0,1,0,0,4,2,2,1
11762,0,7,0,0,1,0,0,6,3,1,1
29281,1,7,1,0,1,1,1,5,2,2,1
30683,0,7,0,0,1,0,1,5,2,1,1
20439,1,7,0,1,1,2,1,2,2,0,1
45965,0,5,0,0,1,0,1,3,1,3,1
8045,0,7,1,0,1,0,0,1,1,0,1
37651,0,6,1,1,0,1,0,1,4,0,1
17308,0,7,1,0,1,0,0,6,3,0,1
67981,1,6,0,0,1,0,0,4,2,2,1
62861,0,7,0,0,1,0,0,0,1,0,1
72081,0,5,1,0,1,2,1,0,3,0,1
58978,0,6,0,1,1,0,1,6,2,0,1
46703,1,6,0,1,1,0,0,6,3,2,1
32503,0,7,0,0,1,1,0,1,3,0,1
12482,1,6,0,0,1,1,0,1,2,3,1
56939,0,5,0,0,1,1,1,1,2,0,1
24669,0,7,0,1,1,0,1,6,4,0,1
43054,0,4,0,0,1,0,1,2,3,3,1
59437,0,5,0,0,1,0,0,6,4,3,1
66258,0,7,0,0,1,1,0,5,3,2,1
34567,0,7,1,0,1,1,1,1,2,0,1
20426,0,7,1,0,0,0,0,6,5,0,1
3512,0,6,1,0,1,1,0,1,3,2,1
42899,1,7,0,0,1,1,0,4,1,2,1
63453,0,5,0,0,1,2,1,5,2,1,1
44993,0,7,1,0,0,2,0,1,1,2,1
210,1,7,0,0,1,1,1,1,3,0,1
67432,0,6,0,0,1,0,0,1,2,3,1
2182,0,7,1,0,1,1,1,1,3,2,1
14431,1,7,1,0,1,1,1,5,4,0,1
62466,0,7,0,0,1,0,0,0,5,0,1
36841,1,7,1,0,1,1,1,0,2,2,1
65105,1,7,0,0,1,0,0,6,2,1,1
54567,0,4,0,0,1,0,0,1,3,0,1
66204,1,5,0,0,1,0,0,3,3,2,1
39912,0,2,0,0,1,0,1,1,2,3,1
28378,1,6,1,1,1,0,0,3,4,3,1
41081,1,6,0,0,1,0,1,4,3,2,1
16077,1,6,0,1,1,1,0,3,3,2,1
67895,0,7,1,1,1,2,0,6,2,2,1
30184,1,7,0,0,1,0,1,1,2,2,1
24905,0,6,0,0,1,0,0,6,5,2,1
66071,1,4,1,0,1,0,0,3,5,2,1
36255,1,5,0,0,1,1,1,3,4,3,1
69112,1,6,1,1,1,0,1,7,3,3,1
23410,0,7,0,0,1,0,1,1,2,3,1
64373,1,5,0,0,1,0,0,6,4,2,1
58267,1,6,1,0,1,0,1,6,5,2,1
35684,1,6,0,0,1,0,1,1,2,1,1
491,0,7,0,0,1,1,0,1,2,0,1
68627,1,7,1,1,1,0,0,5,3,2,1
8580,0,7,0,0,1,1,1,1,3,0,1
28484,0,7,0,0,1,1,1,2,3,0,1
62019,1,5,0,0,1,2,1,1,3,3,1
51314,0,7,0,0,1,0,0,2,3,2,1
37060,0,7,0,0,1,0,1,1,1,0,1
35578,1,7,0,0,0,1,0,1,2,0,1
54921,1,7,1,0,1,1,1,4,3,1,1
33454,0,6,0,0,1,2,1,2,1,1,1
33943,0,3,0,0,1,0,0,1,2,0,1
62439,0,4,0,0,1,2,1,2,2,2,1
31179,1,6,0,0,1,0,0,6,3,0,1
66866,0,4,0,0,1,0,0,1,1,0,1
2548,0,7,0,0,1,1,0,1,1,0,1
68025,0,7,0,1,0,0,0,6,3,3,1
2390,1,7,0,0,1,1,0,3,2,0,1
29552,0,5,1,1,1,0,0,6,5,3,1
31421,1,7,0,1,1,2,1,6,2,0,1
20463,1,7,1,1,1,0,0,7,2,3,1
68023,1,7,0,0,1,0,1,1,2,0,1
12689,0,6,0,0,1,2,1,6,5,2,1
54724,0,7,0,0,0,2,0,1,2,3,1
8899,1,4,0,0,0,0,1,2,3,3,1
39186,0,5,0,1,1,0,0,6,3,1,1
32729,0,7,0,0,1,0,1,5,2,0,1
31154,0,3,0,0,1,1,0,1,2,3,1
69959,0,7,1,0,0,0,0,0,4,0,1
10552,0,7,0,0,1,1,1,1,0,0,1
12917,0,7,0,0,1,0,0,1,1,3,1
68356,0,7,0,0,1,1,0,1,3,0,1
23368,0,7,1,0,1,1,0,5,2,2,1
25974,1,7,0,0,1,1,0,6,2,1,1
1210,0,6,0,0,1,0,1,6,4,1,1
28493,1,5,0,0,1,0,0,1,3,1,1
36857,1,7,0,0,1,1,1,5,3,2,1
1836,0,4,1,0,1,0,0,1,2,0,1
32221,1,6,0,1,1,0,0,1,4,3,1
10548,1,6,0,0,1,0,1,1,1,2,1
52282,1,5,0,0,1,0,1,5,3,2,1
45535,1,6,0,0,1,0,1,6,5,0,1
40460,0,6,1,1,1,0,0,6,5,2,1
17739,1,5,0,0,1,0,1,1,4,1,1
49669,0,0,0,0,0,3,1,0,3,1,1
27153,0,7,0,0,1,1,1,1,2,2,1
43424,0,7,0,0,1,0,1,1,1,1,1
30669,1,0,0,0,0,3,1,1,0,1,0
30468,1,5,1,0,1,0,0,1,4,0,0
16523,0,0,0,0,0,0,0,3,0,1,0
56543,0,6,0,0,1,0,1,0,4,2,0
46136,1,0,0,0,0,4,1,5,1,1,0
32257,0,4,0,0,1,0,0,6,6,1,0
52800,0,5,0,0,1,0,0,1,0,2,0
41413,0,7,0,1,1,1,1,6,2,0,0
15266,0,2,0,0,1,0,1,1,3,3,0
28674,0,7,1,0,1,1,0,6,6,0,0
10460,0,7,0,0,1,2,0,1,4,1,0
64908,1,7,0,1,1,0,0,0,1,2,0
63884,0,3,0,0,1,0,1,5,4,0,0
37893,0,3,0,0,1,0,1,1,2,2,0
67855,0,3,0,0,1,0,1,1,5,0,0
25774,1,2,0,0,0,0,1,1,3,0,0
19584,0,1,0,0,0,0,0,1,1,3,0
24447,0,3,0,0,1,0,1,1,1,0,0
49589,0,4,0,0,1,2,0,0,1,3,0
17986,0,7,0,1,1,1,0,0,2,3,0
29217,0,6,1,0,1,0,1,1,5,1,0
72911,0,5,1,0,1,0,1,4,7,3,0
47175,0,4,0,0,1,0,1,0,3,3,0
4057,1,7,0,0,1,0,0,5,2,2,0
48588,0,5,0,0,1,0,0,2,1,0,0
70336,0,1,0,0,1,0,0,0,1,0,0
66767,0,6,0,0,1,2,1,1,2,3,0
45801,0,3,0,0,0,0,1,1,2,0,0
36275,0,5,0,0,1,0,1,6,2,0,0
11577,0,6,0,0,1,1,1,6,3,0,0
67210,1,2,0,0,1,1,0,1,2,1,0
29908,0,4,0,0,1,0,0,2,2,1,0
45222,1,5,1,0,0,0,0,0,2,3,0
33759,0,0,0,0,0,3,0,1,0,1,0
40311,0,5,0,0,1,0,0,4,2,1,0
26325,1,0,0,0,0,2,0,1,3,1,0
65460,0,2,0,0,1,0,1,0,2,2,0
36811,0,1,0,0,0,0,0,1,3,0,0
71750,0,5,0,0,1,0,0,0,1,1,0
70970,0,1,0,0,0,1,0,1,1,1,0
42203,1,5,0,0,1,0,0,3,2,3,0
55680,1,0,0,0,0,3,0,3,0,1,0
11014,1,0,0,0,0,3,1,1,1,1,0
44338,0,1,0,0,0,3,1,3,1,1,0
20980,1,6,0,0,1,0,0,5,4,2,0
34974,0,1,0,0,0,0,1,1,2,1,0
71379,0,4,0,0,1,2,0,3,2,3,0
58261,0,6,0,0,1,0,1,4,2,0,0
67318,1,5,1,0,1,2,1,0,2,3,0
28526,1,6,0,0,1,1,1,6,3,0,0
8831,0,5,0,0,1,0,1,1,2,1,0
65199,0,5,0,0,1,1,0,1,2,1,0
43454,0,7,0,0,0,1,0,4,3,2,0
7282,1,4,0,0,1,0,1,1,2,0,0
18518,1,6,0,0,1,0,1,6,4,3,0
41648,1,2,0,0,1,0,1,2,2,3,0
49003,1,3,0,0,1,0,0,4,3,3,0
16371,0,0,0,0,0,3,0,1,5,1,0
42807,1,4,0,0,1,2,0,6,5,1,0
40181,0,2,0,0,1,0,0,0,4,3,0
66174,1,4,0,0,1,1,1,1,2,2,0
45538,0,3,0,0,1,1,1,3,1,1,0
6319,0,7,0,0,1,0,0,1,3,1,0
68249,0,2,0,0,1,0,1,1,1,1,0
55232,0,3,0,0,1,0,1,1,2,3,0
11120,0,7,1,0,1,0,0,6,3,0,0
41940,1,5,0,1,1,0,1,0,3,2,0
72214,1,6,0,0,1,1,0,0,2,2,0
37089,0,3,1,0,1,1,1,4,4,0,0
68614,0,4,0,0,1,0,1,6,4,2,0
1686,0,2,0,0,0,0,0,1,2,0,0
22284,1,1,0,0,0,0,1,2,2,1,0
39038,1,0,0,0,0,3,1,1,0,1,0
21956,0,1,0,0,0,0,0,0,1,1,0
52134,1,5,0,0,1,0,1,1,4,1,0
30171,1,2,0,0,0,2,0,1,1,2,0
4480,1,7,0,0,1,0,1,6,3,2,0
2982,0,5,1,0,1,0,1,6,5,0,0
65535,1,0,0,0,0,3,1,1,2,1,0
29865,0,1,0,0,0,0,1,1,1,3,0
54918,0,1,0,0,0,0,1,3,4,3,0
59368,0,7,0,0,1,0,0,6,2,0,0
65836,0,7,1,0,1,0,0,5,3,2,0
21130,1,2,0,0,1,1,0,6,2,3,0
1703,0,5,0,0,1,0,0,1,6,2,0
16934,0,4,0,0,1,1,1,1,2,1,0
28799,1,0,0,0,0,3,1,1,1,1,0
32689,0,4,0,0,1,0,0,1,2,1,0
56357,0,7,0,1,0,0,0,6,1,0,0
18051,0,5,0,0,1,2,1,1,2,0,0
40840,0,4,0,0,1,0,1,4,1,0,0
10449,0,1,0,0,1,0,0,1,2,0,0
38805,0,3,0,0,1,0,1,1,5,2,0
45053,1,6,0,0,1,2,0,6,3,2,0
61837,0,6,0,0,1,1,0,0,1,0,0
9487,0,1,0,0,0,0,0,1,2,0,0
49713,1,6,0,0,1,0,1,3,2,0,0
17608,0,5,0,0,1,2,0,3,2,2,0
28102,0,1,0,0,0,0,1,0,2,0,0
1506,0,4,0,0,0,2,0,2,1,3,0
28333,0,7,1,1,1,1,0,6,3,2,0
62608,0,4,0,0,1,0,0,4,4,0,0
40670,0,1,0,0,0,0,1,1,3,0,0
4630,0,6,0,0,1,0,1,0,1,0,0
21284,0,2,0,0,1,0,0,1,2,3,0
49421,0,6,1,0,1,0,1,6,4,0,0
5973,1,3,0,0,1,0,0,1,1,3,0
42996,0,3,0,0,0,2,1,4,1,0,0
66333,1,5,0,0,1,1,0,1,7,0,0
46785,0,2,0,0,1,0,0,0,2,3,0
21408,0,3,0,0,1,1,1,1,1,0,0
49916,1,7,0,0,1,0,1,3,2,2,0
71038,1,2,0,0,1,0,0,4,4,1,0
69037,0,7,0,0,1,0,1,6,3,2,0
58617,0,3,0,0,1,1,1,3,5,0,0
69064,0,5,0,0,0,1,1,1,1,0,0
9404,0,4,0,0,1,0,1,2,5,0,0
8171,0,0,0,0,0,3,1,1,0,1,0
28286,1,4,0,0,1,0,1,1,4,0,0
43232,0,1,0,0,0,0,0,1,1,0,0
10159,1,3,0,0,1,0,0,1,3,0,0
34402,0,1,0,0,1,0,1,1,1,2,0
58282,0,5,0,0,1,2,1,0,3,3,0
64489,1,5,0,0,1,2,1,1,3,0,0
71539,1,1,0,0,0,0,0,4,2,1,0
28637,0,0,0,0,0,3,1,1,1,1,0
64553,0,5,0,0,1,0,1,0,4,2,0
31741,1,0,0,0,0,3,1,2,0,1,0
69936,0,3,0,0,1,0,0,2,5,0,0
46527,1,5,1,1,1,2,1,2,5,0,0
22537,1,0,0,0,0,3,1,1,0,1,0
50611,1,0,0,0,0,3,1,3,0,1,0
13547,0,3,0,0,1,0,0,1,2,0,0
63732,1,6,1,0,1,1,0,7,2,0,0
9608,1,1,0,0,0,0,0,3,4,0,0
10504,1,5,0,0,1,2,1,1,5,2,0
37090,0,6,0,0,1,0,1,0,1,2,0
60148,1,2,0,0,1,0,0,1,3,0,0
9637,1,2,0,0,1,0,1,3,1,3,0
44862,0,3,0,0,1,0,1,1,2,0,0
52173,1,3,0,0,0,1,0,1,4,0,0
5708,0,1,0,0,0,0,0,1,2,0,0
23462,0,1,0,0,0,0,0,1,4,0,0
2374,1,6,1,0,1,0,1,6,4,0,0
11091,0,7,0,0,1,1,1,1,4,0,0
70374,0,2,0,0,1,0,1,3,5,3,0
15528,1,5,1,0,1,0,1,6,5,2,0
65357,0,0,0,0,0,3,1,1,0,1,0
49465,0,0,0,0,0,3,0,1,1,0,0
31143,0,1,0,0,0,0,1,2,5,1,0
66972,0,5,0,0,1,2,0,1,1,3,0
55810,0,6,0,0,1,1,1,1,1,1,0
37031,0,7,0,1,1,2,0,1,1,0,0
34608,1,5,0,0,1,0,1,1,4,1,0
36007,0,1,0,0,1,0,1,2,4,0,0
14123,0,1,0,0,1,0,1,2,3,0,0
48298,0,7,0,0,1,0,1,1,1,1,0
54975,1,0,0,0,0,1,1,0,1,1,0
27213,1,6,1,0,1,1,1,5,4,0,0
44749,0,6,0,0,0,2,1,1,4,3,0
46468,0,3,0,0,1,1,0,4,5,1,0
10913,1,0,0,0,0,3,0,1,2,0,0
51983,0,2,0,0,1,0,1,1,5,3,0
27029,0,0,0,0,0,3,0,1,0,1,0
22320,0,3,0,0,1,0,0,6,5,0,0
45719,0,1,0,0,0,0,1,1,2,0,0
129,0,1,0,0,0,0,0,1,2,0,0
20351,1,7,0,0,1,2,0,1,4,1,0
530,0,0,0,0,0,3,1,1,1,1,0
55351,1,6,0,0,1,0,0,1,4,1,0
67431,0,5,0,0,1,0,0,1,3,2,0
20546,0,6,0,0,1,0,0,1,1,0,0
6107,0,0,0,0,0,3,0,1,0,1,0
50305,0,5,1,0,1,0,1,6,5,0,0
52342,0,3,0,0,1,0,1,0,2,3,0
59906,0,3,0,0,1,0,1,4,3,3,0
59729,1,5,0,0,1,0,0,6,3,2,0
53144,0,5,0,1,1,0,0,1,6,0,0
3655,1,2,0,0,1,2,1,1,1,2,0
12985,0,6,0,0,1,1,1,6,4,0,0
38119,1,6,0,0,1,2,0,1,3,0,0
3355,0,6,0,0,1,0,0,1,3,0,0
22091,0,6,0,0,1,1,0,5,3,2,0
5010,0,0,0,0,0,3,1,1,0,1,0
67177,1,5,0,0,1,0,1,3,2,2,0
58600,1,6,1,0,1,0,0,3,2,0,0
56681,0,1,0,0,0,0,0,4,1,0,0
56716,0,2,0,0,0,0,0,1,2,0,0
65946,1,5,0,0,1,0,1,3,2,1,0
61350,1,1,0,0,0,2,1,1,2,1,0
17291,0,6,1,0,1,1,1,6,2,1,0
61465,1,0,0,0,0,3,1,0,1,1,0
18108,1,1,0,0,0,2,0,0,2,1,0
48368,0,6,0,0,1,1,1,2,4,0,0
36471,1,6,0,0,1,0,0,4,2,1,0
15689,1,3,0,0,1,2,0,0,3,0,0
8233,1,7,0,1,1,1,1,1,2,3,0
46436,1,0,0,0,0,3,0,3,0,0,0
23221,1,2,0,0,0,0,0,1,4,0,0
31830,1,5,0,0,1,1,0,1,3,1,0
15296,0,3,0,0,1,0,1,3,4,0,0
7351,1,0,0,0,0,0,0,1,1,0,0
66196,1,7,0,1,0,0,1,6,3,2,0
17718,0,2,1,0,1,0,0,1,5,3,0
31164,0,3,0,0,1,0,1,1,1,1,0
48272,0,0,0,0,0,3,1,1,1,1,0
2893,0,0,0,0,0,3,1,1,0,1,0
34376,0,1,0,0,0,3,1,3,1,1,0
18498,0,4,0,0,0,0,1,2,5,2,0
56735,0,7,0,0,1,1,1,3,2,0,0
8595,1,1,0,0,1,0,1,1,2,0,0
621,1,6,0,0,1,0,1,2,2,3,0
1307,0,6,1,0,1,0,1,5,7,3,0
35846,0,3,1,0,0,1,1,6,2,0,0
28645,0,3,1,0,1,0,0,5,2,0,0
5835,1,6,0,0,1,0,0,1,2,1,0
46474,1,2,0,0,1,0,1,2,2,0,0
69687,0,1,0,0,0,1,1,1,1,0,0
2953,0,3,0,0,1,0,1,1,1,3,0
11838,0,3,0,0,1,2,1,1,2,0,0
9179,0,2,0,0,0,0,0,1,1,3,0
38165,0,7,0,0,0,0,1,0,3,0,0
63050,1,1,0,0,0,0,1,1,1,1,0
71585,0,6,0,0,1,2,0,1,1,2,0
11974,1,0,0,0,0,3,0,1,2,1,0
3009,0,5,0,0,1,1,1,1,3,1,0
32361,0,7,0,1,1,1,0,1,2,1,0
41523,1,0,0,0,0,3,1,1,1,1,0
53910,0,4,0,0,1,1,1,4,3,3,0
67548,0,2,0,0,1,0,0,1,3,0,0
50441,1,1,0,0,0,0,1,2,1,0,0
16927,1,1,0,0,1,0,1,1,1,1,0
28265,0,3,0,0,1,1,1,1,2,2,0
33404,1,2,0,0,1,0,0,1,4,1,0
50965,1,5,0,0,0,0,1,0,2,1,0
21077,1,6,0,0,1,0,1,1,2,2,0
12982,1,7,0,0,1,1,0,5,5,1,0
66570,0,1,0,0,0,0,1,0,6,0,0
29158,0,5,0,0,1,0,1,3,4,2,0
34299,0,7,0,0,1,0,0,1,3,0,0
54375,1,0,0,0,0,3,1,3,4,1,0
37832,0,0,0,0,0,3,1,4,1,0,0
21058,0,1,0,0,0,3,1,3,2,1,0
7696,0,6,0,0,0,0,0,1,1,3,0
34668,0,5,0,0,1,0,0,1,4,2,0
68483,0,6,0,0,1,0,0,0,5,2,0
6072,0,5,0,0,1,0,0,1,2,0,0
51112,1,2,0,0,1,1,0,3,3,1,0
69673,0,7,0,0,1,2,0,1,2,3,0
71238,1,5,1,0,1,0,1,1,3,3,0
63958,0,3,0,0,1,0,0,1,3,2,0
34511,0,7,0,0,1,0,1,2,1,1,0
24892,1,6,0,0,1,0,1,1,3,1,0
29496,0,3,0,0,1,0,1,1,4,0,0
19939,0,4,0,0,1,0,1,1,4,2,0
27832,0,4,0,0,1,0,1,1,2,3,0
27757,1,2,0,0,1,0,0,1,4,3,0
31279,1,1,0,0,0,0,0,3,1,3,0
25099,1,3,0,0,0,2,1,1,4,3,0
67733,0,2,0,0,1,0,0,5,5,3,0
9201,0,4,0,0,1,1,0,3,1,0,0
33123,0,6,0,0,1,1,1,2,5,2,0
21713,1,4,0,0,1,0,0,2,1,1,0
22622,1,0,0,0,0,3,1,2,1,1,0
6726,0,2,0,0,1,0,0,1,5,0,0
17242,1,6,0,0,1,1,0,0,2,0,0
9729,1,6,0,0,1,0,0,2,2,0,0
56974,0,3,0,0,1,2,0,1,5,0,0
29933,0,0,0,0,0,3,1,1,1,1,0
65574,0,5,0,0,1,0,0,4,3,0,0
17019,0,2,0,0,1,2,0,3,3,0,0
41800,0,1,0,0,1,0,1,1,4,2,0
7621,0,2,0,0,1,0,1,1,2,1,0
6855,1,7,1,0,1,1,0,3,3,2,0
5374,1,1,0,0,0,0,1,1,3,0,0
31564,0,1,0,0,1,0,1,1,1,1,0
26028,1,4,0,0,1,0,0,1,3,0,0
71808,0,1,0,0,0,0,0,4,3,1,0
56998,0,0,0,0,0,3,0,4,1,1,0
14712,1,5,0,0,1,0,0,1,2,0,0
23094,1,6,0,0,1,1,0,2,2,1,0
43134,0,1,0,0,0,0,1,5,2,0,0
40622,0,3,0,0,1,0,1,1,6,1,0
39383,0,2,0,0,1,0,0,1,1,0,0
63606,1,2,0,0,1,2,0,0,2,2,0
46438,0,5,0,0,1,1,0,1,3,2,0
65144,0,5,0,0,1,1,0,1,3,1,0
545,1,3,0,0,1,0,1,6,7,0,0
36331,1,1,0,0,0,0,1,1,1,1,0
42359,1,0,0,0,0,3,0,3,0,1,0
20751,0,2,0,0,1,0,1,1,1,3,0
34641,1,3,0,0,0,0,1,2,2,0,0
15791,1,7,0,0,1,0,0,5,2,0,0
68241,0,1,0,0,0,3,0,4,2,1,0
67780,0,7,0,0,1,0,0,5,4,2,0
68275,1,5,0,0,1,0,0,6,4,1,0
13129,0,5,0,0,1,1,1,1,2,0,0
60902,1,0,0,0,0,3,1,1,1,1,0
37629,0,5,0,0,0,0,1,1,2,0,0
58439,1,3,0,0,0,0,0,0,2,0,0
62936,1,4,0,0,1,0,0,2,5,1,0
29010,1,0,0,0,0,3,1,2,0,1,0
36561,0,3,0,0,1,2,1,5,2,0,0
44912,1,0,0,0,0,3,0,0,0,1,0
59829,1,6,0,1,1,0,0,4,2,0,0
47811,0,7,0,0,1,1,0,6,4,0,0
55424,0,6,1,0,1,0,1,1,1,0,0
36942,1,2,0,0,0,0,0,3,3,1,0
61697,1,1,0,0,0,0,1,3,4,2,0
55138,0,7,0,0,0,1,0,1,1,1,0
39399,0,2,0,0,0,1,0,0,5,0,0
17148,1,5,0,0,1,0,0,5,3,0,0
721,0,5,1,0,1,1,0,3,1,2,0
40448,1,5,0,0,1,0,0,1,2,2,0
58007,0,3,0,0,1,0,0,1,3,3,0
15095,1,1,0,0,0,0,0,3,3,1,0
11960,1,4,0,0,1,0,1,1,4,0,0
56179,1,2,0,0,0,0,0,6,1,3,0
24592,0,4,1,0,1,0,0,2,2,3,0
67744,0,1,0,0,0,0,0,1,4,2,0
8328,0,5,0,0,1,0,1,3,5,0,0
32437,0,5,0,0,1,1,0,2,2,2,0
44315,1,1,0,0,0,1,1,5,1,1,0
68245,0,2,0,0,1,0,1,0,1,1,0
25483,1,7,0,0,1,0,1,6,2,2,0
47732,1,0,0,0,0,3,1,5,0,1,0
50118,0,6,0,1,1,0,1,5,3,2,0
55420,0,3,0,0,0,0,1,4,2,1,0
55709,0,4,0,0,1,1,0,4,1,0,0
15311,0,1,0,0,1,0,0,1,1,2,0
53660,1,5,0,0,1,0,0,2,1,3,0
56553,1,4,0,0,1,0,0,0,5,1,0
30480,1,4,0,0,1,0,0,1,3,3,0
31988,0,5,0,0,1,0,0,2,2,0,0
59807,0,2,0,0,1,0,0,0,2,0,0
45585,0,6,1,0,1,0,0,2,1,3,0
39639,0,4,0,0,1,0,1,5,6,3,0
52063,0,5,0,0,1,1,0,1,2,2,0
31090,1,1,0,0,0,3,1,6,1,0,0
64174,0,5,1,0,1,0,0,6,3,0,0
8544,0,1,0,0,0,1,1,3,1,0,0
27377,1,5,0,0,1,0,1,1,3,0,0
3361,0,3,0,0,1,2,1,1,1,0,0
61408,1,1,0,0,0,4,0,3,1,0,0
33552,1,2,0,0,1,0,1,3,2,3,0
31364,1,0,0,0,0,3,0,1,0,1,0
7446,1,4,0,0,1,0,0,1,3,0,0
65130,1,3,0,0,1,0,1,4,2,3,0
27794,1,0,0,0,0,3,1,1,1,1,0
48993,0,5,0,0,1,0,1,6,2,1,0
30753,1,3,0,0,1,2,0,1,2,0,0
46809,1,4,0,0,1,0,1,4,1,1,0
22853,1,7,0,0,0,1,1,2,2,3,0
12465,0,5,0,0,0,0,1,1,5,0,0
64849,0,3,0,0,1,0,0,1,3,1,0
39659,0,7,0,0,1,2,0,6,5,0,0
24183,0,5,0,0,1,2,1,1,2,3,0
71533,1,4,0,0,1,0,0,5,3,2,0
35565,1,3,0,0,1,0,0,3,1,3,0
34558,1,2,0,0,1,0,1,6,4,0,0
42553,0,7,0,0,1,0,1,4,2,0,0
39601,0,2,0,0,1,0,0,0,5,0,0
46891,0,7,0,0,1,0,1,0,4,1,0
38987,1,6,0,1,1,1,0,0,2,3,0
21886,0,3,0,0,1,0,0,1,2,0,0
5353,1,5,0,1,0,0,1,2,3,3,0
44300,0,6,0,0,1,2,0,1,1,0,0
48144,0,1,0,0,0,2,1,1,1,0,0
46218,0,4,0,0,1,1,0,3,3,3,0
39745,0,6,0,0,1,1,1,0,3,0,0
13517,1,5,0,0,1,0,0,2,4,0,0
36355,1,5,0,0,1,2,1,3,3,0,0
22678,0,3,0,0,1,2,0,1,2,1,0
2532,1,2,0,0,0,0,1,1,2,1,0
52512,1,5,0,0,1,0,1,1,3,0,0
3579,0,6,0,1,1,0,0,1,2,2,0
3130,0,5,0,0,1,0,1,3,6,0,0
5545,1,4,0,0,1,1,0,1,1,2,0
63693,1,3,0,0,0,0,0,0,4,1,0
34363,0,2,0,0,1,0,0,1,2,0,0
23650,1,1,0,0,0,3,1,1,1,0,0
53515,1,6,0,0,1,0,1,6,2,2,0
33528,0,7,0,1,1,1,0,1,1,0,0
23046,0,3,0,0,1,1,0,1,0,0,0
11068,1,5,0,0,1,1,0,1,2,1,0
62233,0,6,0,0,0,1,0,1,4,2,0
7291,0,5,0,0,0,0,0,1,3,2,0
36814,0,4,0,0,1,0,1,0,2,3,0
48265,1,6,0,0,1,2,1,3,2,0,0
10139,0,5,0,0,1,1,0,1,1,0,0
12662,1,7,1,0,1,1,0,3,2,2,0
43174,0,5,0,0,1,0,0,0,5,2,0
72823,0,7,0,0,1,0,0,1,1,2,0
30567,1,7,1,0,1,0,0,1,2,2,0
41927,0,2,0,0,1,0,1,0,1,0,0
54866,0,0,0,0,0,3,1,0,2,1,0
20364,0,0,0,0,0,3,0,2,0,1,0
21117,0,3,0,0,0,1,1,1,2,0,0
50491,1,7,0,0,1,1,0,0,2,3,0
61013,1,5,0,0,0,0,1,0,4,1,0
71010,0,7,0,0,0,1,0,0,1,0,0
23551,1,2,0,0,1,0,0,1,6,1,0
10997,0,3,0,0,1,0,1,1,1,0,0
12738,1,5,0,0,1,0,1,1,2,0,0
57772,0,7,0,0,1,2,1,0,2,0,0
16615,1,7,1,0,1,1,1,0,4,0,0
62999,1,0,0,0,0,3,1,0,0,1,0
66184,1,3,0,0,1,2,1,2,2,1,0
53010,1,7,0,0,1,1,1,0,1,0,0
31145,0,1,0,0,0,0,0,0,6,0,0
54338,0,5,0,0,1,2,1,1,2,0,0
22870,1,0,0,0,0,3,0,1,1,0,0
13223,0,5,0,0,1,2,1,1,3,0,0
57523,0,2,0,0,1,0,0,3,1,2,0
67932,0,4,0,0,1,0,1,1,2,3,0
10255,1,1,0,0,1,0,1,1,4,1,0
68131,0,2,0,0,0,0,1,4,2,0,0
54182,0,1,0,0,0,0,1,1,1,0,0
61300,1,1,0,0,0,0,0,0,1,0,0
15274,0,0,0,0,0,3,1,1,3,1,0
28848,1,2,0,0,0,0,0,1,1,1,0
27012,1,2,0,0,0,0,0,1,3,2,0
7745,0,2,0,0,1,0,0,2,1,2,0
20541,0,5,1,0,1,0,1,1,3,0,0
5892,0,5,1,0,1,0,1,1,3,0,0
66883,0,3,0,0,1,1,0,4,5,0,0
43196,0,5,0,0,1,1,0,0,5,1,0
12593,0,1,0,0,0,0,0,1,1,0,0
51514,0,0,0,0,0,3,0,4,5,0,0
15553,0,4,0,0,1,0,1,1,1,2,0
45796,0,2,0,0,1,0,1,1,1,0,0
31840,0,0,0,0,0,3,1,1,1,1,0
58767,0,3,0,0,1,0,0,1,2,1,0
14391,0,2,0,0,1,0,1,1,1,3,0
22321,0,4,0,0,1,0,0,3,1,0,0
38184,0,7,1,0,1,0,1,1,2,0,0
13997,1,3,0,0,1,0,0,1,3,0,0
41673,0,4,0,0,1,0,1,1,1,0,0
27796,0,6,0,0,1,0,0,2,0,3,0
18390,0,1,0,0,0,0,1,1,4,1,0
63409,0,4,0,0,1,0,0,0,3,3,0
9752,0,6,0,0,1,2,1,6,3,3,0
72882,1,4,0,0,1,0,1,1,2,2,0
49744,0,5,0,0,1,0,0,6,5,2,0
49086,0,1,0,0,0,0,0,0,2,2,0
40866,0,7,0,0,1,1,1,4,2,1,0
47523,0,3,0,0,0,1,1,4,1,2,0
63561,1,7,0,0,1,0,0,0,2,0,0
51422,0,6,1,0,1,0,1,3,2,2,0
56870,0,2,0,0,0,0,1,5,2,1,0
3590,0,2,1,0,0,0,1,1,6,0,0
60665,1,2,0,0,0,0,0,0,4,3,0
40791,0,0,0,0,0,3,1,0,1,1,0
54304,0,1,0,0,1,0,0,1,3,0,0
22485,1,5,0,0,1,0,0,5,5,2,0
18430,0,7,0,0,1,1,0,1,3,2,0
19234,0,2,0,0,0,0,1,1,1,1,0
52454,1,0,0,0,0,3,1,3,1,1,0
13365,1,4,0,0,1,0,1,1,1,3,0
60983,1,6,0,0,1,0,0,0,2,3,0
14615,0,2,0,0,0,0,0,1,4,3,0
50277,0,4,0,0,1,1,1,0,2,3,0
50811,1,1,0,0,0,0,0,3,4,0,0
16575,1,1,0,0,0,0,1,1,1,0,0
11176,1,0,0,0,0,3,1,1,0,1,0
30712,1,4,0,0,1,0,0,2,4,0,0
31308,0,4,0,0,1,0,0,3,4,2,0
9612,1,0,0,0,0,3,0,1,1,1,0
3325,1,2,0,0,1,1,1,1,3,3,0
52808,1,7,0,0,1,0,0,1,2,0,0
41513,0,1,0,0,1,0,0,1,1,0,0
36109,1,3,0,0,1,0,0,1,3,3,0
53336,0,7,0,0,1,2,0,1,2,1,0
56831,0,5,0,0,1,0,0,0,2,3,0
52580,0,2,0,0,0,0,1,1,1,0,0
55592,1,7,0,0,1,0,1,2,2,0,0
26235,1,1,0,0,0,0,1,1,1,3,0
16685,0,7,1,0,1,0,0,5,3,0,0
44583,0,5,0,1,1,0,1,1,3,0,0
25315,1,2,0,0,1,0,0,6,5,3,0
58227,0,6,0,0,1,2,1,0,3,0,0
60810,1,4,0,0,1,1,0,0,2,0,0
34612,1,5,0,0,1,2,1,0,3,0,0
8320,1,0,0,0,0,3,1,1,1,1,0
25595,0,5,1,0,1,0,0,1,5,2,0
30550,0,7,0,0,0,0,0,2,3,1,0
13367,0,2,0,0,1,0,1,1,2,1,0
33585,0,6,0,0,1,0,1,7,2,1,0
49785,0,1,0,0,0,0,1,4,1,1,0
6886,1,1,0,0,0,0,1,1,3,0,0
38609,1,4,0,0,1,2,1,1,1,0,0
22159,0,5,1,0,0,0,0,1,2,2,0
37413,0,3,0,0,1,0,0,1,3,1,0
4169,0,3,0,0,0,0,1,1,6,0,0
40055,0,1,0,0,0,0,1,5,2,3,0
18888,0,1,0,0,1,0,0,1,5,0,0
45283,0,2,0,0,1,0,0,2,2,3,0
42503,0,5,0,0,1,0,1,3,1,0,0
23645,0,2,0,0,0,0,1,1,3,0,0
62382,1,7,0,0,1,0,0,2,2,1,0
59521,1,2,0,0,1,0,1,1,3,3,0
55386,1,3,0,0,1,0,1,3,2,3,0
22685,1,1,0,0,0,0,1,5,2,0,0
46745,1,1,0,0,1,2,1,3,2,0,0
72547,1,6,0,0,1,0,1,0,3,1,0
26973,0,2,0,0,1,0,0,2,5,0,0
41033,0,2,0,0,1,2,1,0,3,2,0
5046,1,1,0,0,0,1,0,1,1,1,0
71442,0,2,0,0,1,0,1,1,3,0,0
49624,1,6,0,0,1,0,0,1,1,2,0
10572,0,6,0,0,1,0,1,1,2,0,0
55847,1,1,0,0,0,0,1,2,1,0,0
42441,1,0,0,0,0,3,0,4,0,1,0
28910,0,4,0,0,1,0,0,1,2,2,0
10381,0,3,1,0,1,1,0,1,3,0,0
14387,1,0,0,0,0,3,0,1,0,1,0
31956,0,5,0,0,1,0,0,1,2,0,0
17813,0,6,0,1,1,0,1,7,1,1,0
24665,0,6,1,0,1,0,1,1,4,2,0
13683,0,2,0,0,1,0,0,2,5,0,0
7387,0,5,1,0,1,0,1,1,1,0,0
57011,0,5,0,0,1,0,1,3,3,0,0
22384,0,1,0,0,1,0,1,1,1,0,0
24108,1,1,0,0,0,0,0,0,2,1,0
50053,1,1,0,0,0,0,0,0,5,0,0
69427,0,2,0,0,0,0,0,2,1,0,0
21688,0,3,0,0,1,0,1,1,1,3,0
60777,0,2,0,0,1,2,1,2,1,2,0
64732,0,2,0,0,0,0,0,0,1,0,0
42710,0,1,0,0,0,0,0,1,2,0,0
46683,0,1,0,0,0,0,0,3,2,3,0
58909,0,0,0,0,0,3,1,1,2,1,0
51125,0,6,0,0,1,0,0,1,3,3,0
29077,0,7,0,0,1,0,1,1,4,0,0
4970,1,7,0,0,1,1,1,3,2,2,0
58291,0,5,0,0,1,0,1,1,3,2,0
18616,0,3,0,0,1,0,0,1,1,1,0
99,0,2,0,0,0,0,0,2,6,1,0
55529,1,3,0,0,1,0,1,3,2,0,0
12204,0,4,0,0,0,2,1,3,1,0,0
21397,0,3,0,0,1,2,0,3,1,1,0
64633,0,4,0,0,1,0,0,1,3,0,0
23016,1,5,0,0,1,0,1,1,2,0,0
18412,1,3,0,0,1,0,1,1,2,1,0
67412,0,3,0,0,1,0,1,1,3,0,0
37545,1,3,0,0,0,2,0,2,2,0,0
10324,0,0,0,0,0,3,0,1,0,1,0
14491,1,3,0,0,1,2,0,1,5,3,0
64582,1,3,1,0,1,2,1,6,2,0,0
25514,1,0,0,0,0,3,1,0,1,1,0
7663,1,1,0,0,0,2,1,2,2,2,0
66220,1,5,0,0,1,0,0,4,2,0,0
71793,0,1,0,0,0,0,0,4,3,1,0
25458,0,6,1,0,1,2,1,1,4,2,0
69645,1,6,0,0,1,2,1,3,1,2,0
53695,1,6,0,0,1,2,0,1,2,0,0
26692,0,3,0,0,1,2,1,1,2,0,0
33400,1,5,0,0,1,2,1,1,2,3,0
67078,0,3,1,0,1,0,0,1,5,0,0
32352,0,2,0,0,1,2,1,2,2,0,0
22540,0,6,0,0,1,2,0,1,4,1,0
26999,1,6,1,1,1,2,1,1,3,0,0
65218,1,0,0,0,0,3,1,2,1,1,0
30102,1,5,0,0,1,0,1,0,3,0,0
49521,0,2,0,0,1,0,0,3,3,1,0
54643,1,0,0,0,0,3,1,5,0,1,0
29134,0,2,0,0,1,0,1,1,5,3,0
68281,0,5,0,0,1,2,0,1,2,2,0
40350,0,4,0,0,0,0,0,3,1,2,0
33410,0,3,0,0,0,2,0,1,1,0,0
39375,0,3,0,0,1,0,1,3,3,0,0
2543,0,1,0,0,1,0,1,1,1,0,0
45289,0,0,0,0,0,3,0,2,2,1,0
12106,1,5,1,0,1,2,1,1,4,0,0
10792,0,1,0,0,0,0,1,1,3,2,0
19153,0,1,0,0,0,1,0,1,1,0,0
25283,0,4,0,0,1,0,0,0,3,0,0
12270,1,7,0,0,1,2,1,5,2,0,0
49949,1,4,0,0,1,0,0,0,1,0,0
50826,0,5,0,0,1,2,1,5,2,1,0
28681,0,6,1,0,1,1,0,1,3,2,0
14147,1,4,0,0,1,0,0,5,5,3,0
41537,0,1,0,0,0,0,1,0,2,0,0
62332,0,3,0,0,1,0,1,1,4,0,0
25488,0,4,0,0,1,1,0,1,1,0,0
45759,0,2,0,0,1,0,1,1,2,3,0
71929,1,0,0,0,0,3,1,0,1,1,0
14807,0,3,0,0,1,0,0,1,3,0,0
16110,0,1,0,0,0,0,1,1,4,3,0
40970,1,3,0,0,1,0,0,4,4,3,0
28933,0,4,0,0,1,0,1,2,6,3,0
11709,1,7,0,0,0,0,0,1,3,0,0
37154,0,2,0,0,1,0,0,3,1,3,0
16809,1,3,0,0,1,0,0,3,4,2,0
13907,1,6,0,0,1,1,1,1,2,0,0
70380,0,1,0,0,0,0,0,3,2,0,0
54071,0,4,0,0,1,0,0,2,5,1,0
67405,0,3,0,0,1,0,0,1,2,0,0
28024,1,4,0,0,1,0,1,2,2,2,0
11730,0,6,1,0,1,2,1,1,3,0,0
17245,0,2,0,0,1,0,1,1,4,0,0
70852,1,7,0,0,1,0,1,0,2,0,0
60957,1,4,0,0,1,0,1,1,1,2,0
19742,0,3,0,0,1,0,0,2,2,0,0
10782,0,0,0,0,0,3,1,1,0,1,0
61742,1,2,0,0,0,0,0,2,3,0,0
13571,1,5,0,0,1,2,0,5,2,0,0
49928,0,5,0,0,1,2,1,3,4,2,0
52688,1,7,1,0,1,0,1,0,3,3,0
24099,1,1,0,0,0,0,1,0,3,0,0
65698,0,6,0,0,1,0,0,0,2,2,0
47885,1,3,0,0,1,1,0,5,3,2,0
13948,0,1,0,0,0,4,0,1,2,0,0
17351,0,5,0,0,1,0,1,6,2,0,0
820,0,5,1,0,1,0,1,1,1,0,0
55721,1,6,0,1,1,1,0,0,1,2,0
72310,1,7,1,1,1,1,0,1,3,3,0
24115,0,5,0,0,1,0,1,1,2,0,0
65766,0,2,0,0,0,0,1,2,1,0,0
42482,0,0,0,0,0,3,0,0,1,1,0
25627,1,7,1,0,1,1,0,6,3,2,0
7122,0,3,0,0,0,0,1,1,5,1,0
48755,1,2,0,0,1,0,1,2,4,3,0
33551,0,4,1,0,1,0,0,1,3,0,0
62716,0,5,0,0,1,1,0,1,3,1,0
68438,0,4,0,0,1,0,1,1,3,0,0
41148,1,7,0,1,1,0,0,1,3,0,0
14924,1,4,0,0,1,0,0,1,3,3,0
47950,0,4,0,0,1,1,0,0,2,1,0
56089,0,1,0,0,1,0,1,0,3,2,0
9262,0,2,0,0,1,0,1,1,4,0,0
71896,0,6,0,0,1,0,1,1,4,2,0
38623,1,3,0,0,0,0,0,3,2,0,0
26503,0,2,0,0,0,0,1,1,4,3,0
5475,0,3,0,0,1,0,1,0,2,1,0
15525,0,6,0,0,1,0,0,1,3,1,0
48748,0,6,0,0,1,0,1,1,1,3,0
11745,0,2,0,0,1,0,0,0,2,2,0
71591,0,5,0,0,1,0,0,1,3,3,0
11743,0,2,0,0,1,0,0,1,2,2,0
67864,1,6,0,0,1,0,1,0,2,2,0
34857,1,5,0,0,1,1,0,1,5,2,0
34995,0,7,0,0,1,0,1,3,3,1,0
3606,1,0,0,0,0,3,0,3,1,1,0
22952,0,1,0,0,0,2,0,3,4,3,0
32554,0,1,0,0,0,3,1,2,1,1,0
45893,0,0,0,0,0,3,0,2,0,1,0
72020,1,7,0,1,1,1,1,6,3,3,0
57879,0,7,0,0,1,0,0,1,1,0,0
53538,0,0,0,0,0,3,0,0,0,1,0
17006,1,1,0,0,0,0,1,3,4,1,0
36638,1,6,0,0,1,0,0,1,1,1,0
41097,0,1,1,0,0,0,0,1,7,3,0
36618,1,7,0,1,1,1,0,6,3,2,0
37290,1,7,0,0,1,1,1,6,2,0,0
54620,1,3,0,0,1,0,0,1,4,0,0
42108,0,1,0,0,0,2,1,2,2,0,0
19681,0,7,0,0,1,1,0,1,1,0,0
6988,0,5,0,0,1,1,0,3,4,0,0
25287,1,5,0,0,1,0,0,1,5,0,0
56679,1,1,0,0,0,0,1,4,1,1,0
27146,0,1,0,0,0,0,1,1,3,0,0
16556,1,0,0,0,0,4,1,3,1,1,0
5934,0,4,0,0,1,0,0,3,3,0,0
58999,1,6,0,0,1,2,0,2,3,0,0
28261,1,7,0,1,1,1,0,2,3,0,0
35222,0,7,0,0,1,0,0,1,5,0,0
44105,0,6,1,0,1,1,0,0,4,1,0
65256,0,5,0,0,1,1,1,4,3,0,0
62709,0,4,0,0,1,0,1,6,5,0,0
36698,0,2,0,0,1,0,0,1,1,3,0
7273,0,4,0,0,1,1,0,6,3,3,0
20044,0,4,0,0,1,0,1,1,1,0,0
54769,1,1,0,0,0,0,0,0,5,1,0
30605,0,1,0,0,0,0,0,1,1,3,0
13622,1,0,0,0,0,3,1,1,1,1,0
12686,1,4,0,0,0,2,1,1,2,0,0
39250,1,2,0,0,1,0,0,1,3,3,0
2879,0,1,0,0,0,1,0,1,3,0,0
59684,0,0,0,0,0,3,0,0,0,1,0
48830,1,2,0,0,1,0,0,2,3,3,0
56986,1,1,0,0,0,4,0,3,1,0,0
47924,1,1,0,0,0,0,0,0,5,0,0
16402,0,0,0,0,0,3,0,1,1,1,0
40889,1,2,0,0,0,0,1,1,2,1,0
4083,0,2,0,0,0,0,1,1,0,0,0
59336,1,6,1,0,1,0,1,1,3,0,0
48843,0,2,0,0,0,0,0,0,3,0,0
5694,1,1,0,0,0,0,1,2,2,0,0
3673,0,5,0,0,1,0,1,3,3,3,0
44481,0,1,0,0,0,0,1,1,1,0,0
10538,1,7,1,1,1,1,0,5,2,2,0
9648,0,7,0,1,1,0,0,5,4,0,0
19101,0,1,0,0,0,0,0,1,1,0,0
31867,0,4,0,0,0,0,1,0,3,1,0
11973,0,0,0,0,0,3,0,3,1,1,0
23633,0,3,0,0,1,0,1,1,5,3,0
52549,1,5,0,0,1,2,1,1,4,2,0
59178,0,0,0,0,0,3,0,1,1,1,0
37349,0,6,0,0,1,0,1,3,3,0,0
44281,1,2,0,0,0,0,1,1,1,3,0
55599,0,0,0,0,0,3,1,0,0,1,0
45224,0,4,0,0,1,0,1,2,1,0,0
2751,1,4,0,0,1,2,0,3,2,3,0
6090,1,1,0,0,1,0,0,1,2,0,0
46385,0,1,0,0,1,0,0,0,1,0,0
46323,0,0,0,0,0,3,1,5,0,1,0
28122,0,3,0,0,1,1,1,1,1,2,0
50843,1,1,0,0,0,0,1,2,2,1,0
64464,1,4,0,0,1,0,0,0,2,1,0
66922,1,6,1,1,0,0,1,4,3,2,0
66494,1,4,0,0,1,0,0,1,1,1,0
42786,1,7,0,1,1,1,1,1,2,2,0
33401,1,6,0,0,1,0,1,1,1,1,0
24174,0,4,0,0,1,2,1,3,1,0,0
61715,1,5,0,0,1,0,1,0,3,0,0
37830,0,2,0,0,0,0,0,1,1,1,0
2454,1,0,0,0,0,3,1,1,1,1,0
60663,1,6,1,0,1,0,1,1,2,0,0
46875,1,2,0,0,1,0,0,4,3,0,0
69091,0,7,0,1,1,0,1,2,2,0,0
1821,0,5,0,0,1,0,0,1,6,0,0
44978,1,3,0,0,1,2,1,1,5,2,0
3437,0,2,0,0,0,0,0,1,2,3,0
6355,0,0,0,0,0,3,1,1,1,1,0
10762,0,3,0,0,1,0,1,1,5,1,0
58567,0,3,0,0,1,0,1,1,1,1,0
62187,1,0,0,0,0,3,0,4,2,1,0
84,1,5,0,0,1,0,0,1,3,0,0
8521,1,7,0,0,1,0,1,6,3,2,0
72779,0,0,0,0,0,3,0,4,3,1,0
45824,0,7,1,0,1,1,0,2,2,1,0
61838,0,4,0,0,1,2,0,4,1,1,0
57212,1,4,0,0,0,0,0,4,3,3,0
62668,0,4,0,0,1,1,0,4,5,2,0
33142,1,7,0,0,1,1,1,3,3,0,0
17437,0,6,0,0,1,1,1,1,2,1,0
38303,0,6,0,0,1,1,0,4,2,0,0
12396,0,1,0,0,0,0,0,2,2,1,0
36484,0,3,0,0,1,2,0,0,2,0,0
60047,1,1,0,0,0,0,1,0,4,0,0
16542,0,6,0,0,1,2,0,1,1,0,0
18805,1,3,0,0,1,0,0,1,4,0,0
17869,0,5,0,0,1,0,0,1,3,1,0
6793,0,5,0,0,1,0,1,2,2,2,0
49265,0,6,0,0,1,0,1,1,2,3,0
6606,0,5,0,0,1,0,0,1,3,0,0
23031,1,7,0,0,1,1,1,1,2,0,0
69330,1,5,0,0,1,0,1,5,2,3,0
22902,1,3,1,0,1,0,0,0,3,0,0
69622,0,0,0,0,0,3,0,0,0,1,0
4807,1,2,0,0,0,0,0,2,3,3,0
9641,1,7,0,0,1,0,0,2,2,3,0
10313,1,5,0,0,1,0,0,1,4,2,0
12097,0,7,0,0,1,0,0,1,4,0,0
58037,1,1,0,0,0,0,1,1,2,0,0
45323,0,4,0,0,1,0,0,3,1,0,0
34281,0,1,0,0,0,0,1,1,2,1,0
7990,0,1,0,0,1,0,1,1,1,1,0
57622,0,2,0,0,1,2,1,3,3,3,0
39120,0,7,0,0,0,1,0,1,2,0,0
68344,0,6,0,0,1,0,0,1,2,2,0
66752,0,7,0,0,1,2,0,1,3,0,0
11691,0,1,0,0,0,0,1,1,1,1,0
5077,1,4,0,0,1,0,0,1,2,1,0
13319,0,0,0,0,0,3,1,1,0,1,0
49279,1,5,0,1,1,0,0,1,2,2,0
53815,0,2,0,0,0,0,0,0,2,0,0
42856,1,6,0,0,1,0,0,1,2,3,0
51579,1,2,0,0,0,1,1,0,2,0,0
10752,0,6,0,0,1,0,1,1,4,2,0
42133,0,5,0,0,1,1,0,0,2,0,0
4842,0,7,0,0,0,1,0,1,5,2,0
58138,1,5,0,0,1,0,1,3,3,0,0
58203,1,0,0,0,0,3,0,1,1,1,0
65053,0,2,0,0,1,0,0,3,4,0,0
24168,1,4,1,0,1,0,0,0,4,0,0
5824,1,6,0,0,1,0,1,6,4,2,0
6965,0,1,0,0,0,0,1,1,1,0,0
8332,0,4,0,0,1,0,1,6,6,2,0
61973,0,7,1,1,1,0,1,3,3,1,0
42821,0,0,0,0,0,0,1,0,1,3,0
18687,1,5,0,0,1,1,0,1,2,1,0
72642,1,6,0,0,1,2,0,0,2,2,0
54782,0,2,0,0,0,1,1,0,3,0,0
55862,1,6,1,1,1,0,1,7,3,0,0
24437,0,7,0,0,1,0,1,1,2,1,0
10367,1,0,0,0,0,3,1,1,0,1,0
42550,0,7,0,0,1,1,1,6,1,0,0
14178,0,4,0,0,1,0,1,5,5,1,0
65429,0,6,0,0,1,2,1,1,2,0,0
66530,0,3,0,0,1,0,0,5,1,0,0
43146,1,0,0,0,0,3,0,2,0,1,0
3509,1,4,1,0,1,0,0,3,5,0,0
57497,1,2,0,0,0,0,1,0,2,0,0
15220,0,5,1,0,1,0,0,1,6,2,0
4813,1,2,0,0,0,0,0,3,5,0,0
31166,0,3,0,0,1,2,1,1,3,3,0
9051,0,4,0,0,1,0,0,1,3,0,0
28669,0,2,0,0,1,0,0,1,5,1,0
59894,0,5,0,0,1,2,1,2,1,0,0
18684,0,7,0,0,1,1,1,1,3,2,0
35866,0,6,0,0,1,0,1,1,3,0,0
51907,0,4,0,0,1,1,0,3,1,0,0
7250,0,4,0,0,0,0,1,1,5,1,0
16147,0,1,0,0,0,0,1,2,2,0,0
18306,0,2,0,0,0,0,1,1,1,2,0
69143,0,4,0,0,0,0,1,4,4,1,0
61769,1,2,0,0,0,0,0,1,1,0,0
26134,0,2,0,0,1,0,0,3,2,1,0
67603,1,6,0,0,1,1,0,6,3,2,0
41861,0,1,0,0,0,0,1,0,2,3,0
954,1,1,0,0,0,0,1,2,1,0,0
37888,1,3,0,0,1,0,1,1,5,1,0
34326,1,5,0,0,1,0,0,6,4,2,0
42329,0,7,0,0,1,0,1,1,1,1,0
23565,1,2,0,0,1,0,0,1,2,1,0
27323,0,6,0,0,1,1,0,0,3,0,0
72836,0,5,0,0,1,0,0,0,3,1,0
17708,1,6,0,0,1,2,1,6,3,1,0
66321,1,4,0,0,1,2,0,0,3,0,0
66678,0,1,0,0,0,0,0,1,1,0,0
56734,1,2,0,0,1,2,0,1,2,1,0
32240,0,2,0,0,0,0,0,1,5,0,0
28127,0,4,0,0,1,0,1,1,3,2,0
20347,0,1,0,0,0,0,1,1,1,0,0
40824,1,4,0,0,1,0,1,4,3,1,0
38678,0,6,0,0,1,1,1,7,4,3,0
29380,0,3,1,0,1,0,1,1,4,0,0
65453,0,5,1,0,1,2,0,1,2,3,0
9415,0,6,0,0,1,1,0,1,2,2,0
30989,0,6,0,0,1,1,1,6,4,3,0
65258,1,5,0,0,1,0,0,1,2,1,0
67052,0,3,0,0,1,0,0,1,1,0,0
62756,0,6,0,0,1,1,0,3,1,0,0
69224,1,1,0,0,0,0,1,1,3,2,0
13323,1,0,0,0,0,3,0,2,0,1,0
59940,1,1,0,0,0,3,0,3,2,1,0
49042,0,5,1,0,0,0,1,0,1,0,0
66362,0,6,0,0,1,0,0,4,5,1,0
46093,0,2,0,0,1,0,1,0,1,0,0
10370,1,5,0,0,1,2,0,1,2,2,0
156,0,2,0,0,1,0,1,1,5,0,0
11105,1,7,0,0,1,0,0,1,1,2,0
22363,0,4,0,0,1,0,1,5,5,0,0
46072,1,0,0,0,0,3,1,2,1,1,0
65667,0,4,0,0,1,0,1,4,2,3,0
71440,0,2,0,0,1,0,0,1,2,1,0
35231,1,6,0,0,1,2,0,1,2,1,0
1893,0,3,0,0,1,0,0,1,5,2,0
32733,0,2,0,0,1,0,1,2,2,0,0
34728,0,6,0,0,1,0,1,1,1,0,0
30352,1,5,0,0,1,0,1,1,2,1,0
61338,0,3,0,0,1,0,1,0,1,3,0
59275,1,0,0,0,0,3,1,0,4,1,0
45497,0,5,0,0,0,0,1,1,1,0,0
19996,0,0,0,0,0,3,0,1,0,1,0
50371,1,5,0,0,1,0,0,0,3,1,0
32687,1,3,0,0,1,0,1,1,2,0,0
35295,1,6,0,0,1,0,0,0,2,2,0
15746,0,4,0,0,1,2,0,1,2,0,0
31517,0,2,0,0,1,0,1,1,2,0,0
43268,0,5,1,0,0,0,0,1,2,3,0
54540,1,4,0,0,1,0,1,4,1,0,0
20973,1,4,0,0,1,2,1,1,4,0,0
56245,0,1,0,0,0,0,0,3,2,0,0
9225,1,0,0,0,0,3,1,2,0,1,0
45955,0,4,0,0,1,0,0,0,1,3,0
3532,0,7,0,0,1,0,0,1,4,2,0
41291,0,4,0,0,1,0,1,6,2,0,0
53943,0,0,0,0,0,3,1,3,0,1,0
52550,0,7,0,0,1,2,0,1,2,3,0
47414,0,7,1,0,1,0,0,3,3,2,0
38804,1,7,0,0,1,0,1,1,2,1,0
72861,0,5,0,0,1,0,0,0,1,0,0
53276,0,4,0,0,1,0,0,0,0,2,0
30944,0,2,0,0,1,0,1,1,5,0,0
33622,1,6,1,0,1,0,0,6,5,1,0
26191,0,7,0,0,0,0,0,0,2,1,0
69312,0,4,0,0,1,1,0,1,3,0,0
39661,1,1,0,0,1,0,1,4,2,0,0
20162,0,7,0,0,1,0,1,1,2,3,0
48989,0,2,0,0,0,2,1,3,3,0,0
30411,0,3,0,0,0,0,1,3,3,3,0
47735,0,5,0,0,1,0,1,6,5,0,0
51162,0,0,0,0,0,3,1,3,0,1,0
8598,0,2,0,0,1,2,0,1,3,0,0
57347,0,2,0,0,0,2,1,0,5,2,0
4683,1,1,0,0,0,0,0,3,1,0,0
55775,0,5,0,0,1,0,1,6,3,2,0
32645,0,4,0,0,1,0,1,1,3,3,0
46643,0,6,0,0,1,0,1,1,4,2,0
782,0,2,0,0,0,0,0,1,2,2,0
63565,0,0,0,0,0,3,1,3,1,1,0
28326,0,7,0,0,1,0,0,0,2,0,0
26389,0,0,0,0,0,3,0,3,0,1,0
16906,1,3,0,0,1,2,0,2,3,0,0
35140,1,3,0,0,1,2,0,6,3,0,0
16837,1,6,1,0,1,0,1,1,2,0,0
2750,1,7,1,1,1,1,1,6,4,1,0
47585,0,2,0,0,0,1,0,0,4,0,0
37404,1,3,0,0,1,0,0,0,2,0,0
39518,0,1,0,0,0,0,1,1,1,0,0
70678,0,5,0,1,0,0,1,2,1,3,0
38649,0,1,0,0,0,0,1,1,5,0,0
53266,0,2,0,0,1,0,0,1,3,0,0
26031,0,0,0,0,0,0,1,1,1,1,0
1191,0,7,0,1,1,0,0,0,1,2,0
36820,1,6,1,0,1,0,1,1,3,3,0
62783,0,7,0,0,1,0,0,5,4,1,0
10133,1,4,0,0,1,0,0,1,3,3,0
19778,1,7,0,0,0,1,1,6,5,2,0
38255,1,1,0,0,0,0,0,1,1,2,0
41565,0,2,0,0,0,0,0,3,1,0,0
39423,0,2,0,0,1,0,1,2,1,3,0
22440,0,4,0,0,1,0,0,7,2,2,0
28418,0,3,0,0,1,0,1,2,1,0,0
22566,1,3,0,0,1,0,1,1,3,1,0
7055,0,5,0,0,1,0,0,1,1,1,0
69177,0,7,0,0,1,0,1,1,1,0,0
33162,0,1,0,0,0,0,1,1,3,0,0
44764,0,7,1,0,1,1,1,0,2,1,0
61983,0,3,0,0,1,0,0,4,5,3,0
72268,1,6,0,0,1,1,0,0,2,2,0
39467,0,2,0,0,0,0,1,3,2,1,0
51159,0,2,0,0,0,2,0,0,1,2,0
7167,0,1,0,0,0,0,1,3,1,0,0
59147,1,1,0,0,0,0,0,1,1,0,0
18192,1,0,0,0,0,3,1,1,0,1,0
14049,1,0,0,0,0,3,1,3,2,1,0
35927,1,6,0,0,1,0,0,1,2,3,0
28150,0,6,1,0,1,0,0,5,2,1,0
8727,1,4,0,0,1,1,0,1,2,2,0
7516,1,5,0,0,1,1,0,1,2,0,0
6419,0,7,0,0,0,0,1,6,2,0,0
20425,1,3,0,0,1,1,1,1,3,2,0
59878,0,5,0,0,1,1,0,3,1,0,0
69355,1,0,0,0,0,3,1,1,1,1,0
5858,1,2,0,0,0,0,1,1,3,0,0
39823,0,3,0,0,1,2,1,6,4,3,0
37053,1,5,0,0,1,2,1,1,1,0,0
48073,1,6,0,0,1,2,1,1,3,2,0
16449,0,2,0,0,1,2,1,1,1,0,0
5447,0,1,0,0,0,0,1,3,2,1,0
27145,0,2,0,0,0,0,1,1,5,3,0
30328,0,6,1,0,1,2,1,2,5,2,0
44224,1,1,0,0,0,0,1,0,2,0,0
533,0,0,0,0,0,3,1,1,1,1,0
32884,0,7,1,0,1,0,0,6,3,0,0
55744,1,0,0,0,0,3,0,1,1,1,0
28414,1,4,0,0,1,0,0,2,2,3,0
25767,0,2,0,0,0,0,0,1,1,1,0
71319,1,1,0,0,0,0,1,1,2,1,0
70031,0,7,1,0,1,0,1,5,3,0,0
23604,1,0,0,0,0,3,1,2,0,1,0
46576,1,0,0,0,0,3,1,0,1,1,0
31293,1,0,0,0,0,3,0,1,1,1,0
70610,0,4,0,0,1,0,1,1,4,0,0
6044,1,1,0,0,0,2,1,1,1,0,0
62284,1,6,0,0,1,1,1,1,1,0,0
5821,0,4,0,0,1,0,1,6,6,1,0
22295,0,1,0,0,0,0,0,1,4,1,0
27583,1,4,0,0,1,0,1,1,3,0,0
9696,1,3,0,0,1,0,0,2,4,3,0
1164,0,3,0,0,0,0,1,2,2,3,0
48781,1,6,0,0,1,0,1,3,2,2,0
50947,1,4,0,0,1,0,0,0,2,3,0
47844,0,3,0,0,1,0,0,0,5,0,0
45209,0,0,0,0,0,0,1,3,1,1,0
49412,1,6,0,0,1,2,0,0,5,0,0
43088,1,3,0,0,0,0,0,0,5,2,0
16355,1,1,0,0,0,0,0,1,5,0,0
43172,0,6,0,0,1,0,0,0,3,2,0
43155,0,0,0,0,0,3,1,1,4,1,0
11882,1,2,0,0,0,0,0,1,2,0,0
45669,1,1,0,0,0,0,0,1,3,1,0
65339,0,4,0,0,1,0,0,4,3,0,0
60399,1,5,0,0,1,1,1,1,3,1,0
59604,0,2,0,0,1,0,1,4,2,0,0
22488,0,6,0,0,1,2,0,1,1,0,0
44192,0,0,0,0,0,3,0,4,0,1,0
16114,1,6,0,0,0,0,0,2,2,0,0
35293,0,7,0,0,1,1,1,2,1,2,0
728,1,0,0,0,0,3,0,1,1,1,0
45788,1,5,0,1,1,0,1,5,3,1,0
52150,1,6,1,1,1,0,0,4,5,2,0
26172,1,2,0,0,1,0,1,2,4,0,0
67814,1,3,0,0,1,2,1,1,3,2,0
12618,1,7,0,1,1,1,0,1,1,1,0
28952,1,0,0,0,0,3,1,1,0,1,0
39123,1,3,0,0,1,0,1,0,5,1,0
53967,0,7,0,0,1,1,1,1,2,0,0
34772,0,4,0,0,1,0,1,1,5,3,0
43124,0,4,0,0,1,2,0,1,2,0,0
51916,1,0,0,0,0,3,1,0,0,1,0
59157,1,7,1,0,1,0,0,1,2,0,0
54383,1,6,0,0,1,0,1,2,3,0,0
6928,1,4,0,0,1,0,1,3,2,0,0
321,0,7,0,0,0,1,1,1,4,0,0
21857,0,0,0,0,0,3,0,1,2,1,0
33526,0,4,0,0,1,1,1,1,4,1,0
55976,1,0,0,0,0,3,1,4,0,1,0
56090,0,6,0,0,1,1,1,5,2,0,0
38350,0,7,0,0,1,1,0,0,1,1,0
6040,0,4,0,0,0,0,1,1,6,1,0
17639,1,4,0,0,1,2,1,1,2,0,0
27572,0,1,0,0,0,0,1,1,1,0,0
57668,1,4,0,0,1,2,0,1,3,2,0
22001,1,7,0,1,1,2,1,5,3,2,0
54184,0,1,0,0,0,0,0,0,2,0,0
27966,0,6,0,0,1,0,0,1,3,0,0
4702,0,0,0,0,0,3,1,1,2,1,0
38123,1,4,0,0,1,0,1,1,5,3,0
47345,1,4,0,0,1,0,1,1,2,0,0
17222,1,5,1,0,1,1,1,1,5,0,0
45048,0,1,0,0,0,0,0,4,2,0,0
7195,1,4,0,1,0,0,0,1,3,0,0
16260,1,7,0,1,1,1,1,5,3,0,0
52457,0,5,0,1,1,0,1,4,2,3,0
50650,1,2,0,0,0,0,1,1,2,2,0
35913,0,5,1,0,1,0,0,6,6,0,0
52306,1,5,0,0,1,1,0,0,2,0,0
8951,0,7,1,0,1,1,0,1,3,0,0
64752,0,2,0,0,0,0,0,1,3,2,0
51285,0,4,0,0,1,0,0,0,2,1,0
14349,0,3,0,0,1,0,0,2,4,1,0
40571,1,2,0,0,0,0,0,1,2,0,0
40624,0,3,0,0,1,0,1,5,4,0,0
13072,0,2,0,0,1,1,0,1,1,2,0
66310,1,5,0,0,1,1,1,4,3,0,0
58101,0,5,0,1,1,0,1,0,2,2,0
22969,0,2,0,0,1,0,1,1,1,2,0
28904,0,7,0,0,1,1,1,1,3,0,0
6563,0,4,0,0,0,0,1,1,3,0,0
55315,1,6,0,0,1,0,1,1,3,1,0
47537,0,1,0,0,0,0,1,3,2,0,0
45945,1,4,0,1,1,0,0,5,1,0,0
65849,0,4,0,0,1,0,1,3,2,0,0
31125,0,4,0,0,1,0,1,1,1,0,0
54526,1,7,1,0,1,1,1,5,3,2,0
67309,1,4,0,0,1,0,1,1,4,3,0
2275,0,4,0,0,1,0,0,3,1,3,0
29869,1,4,0,0,1,0,0,5,2,0,0
15757,1,7,0,0,1,0,0,1,2,0,0
38523,0,6,0,0,0,1,1,1,3,0,0
65388,0,3,0,0,0,0,0,1,2,3,0
60816,0,7,1,0,1,0,0,0,1,2,0
67350,0,6,0,0,1,2,1,1,3,0,0
20370,0,4,0,0,1,1,1,2,2,0,0
35188,0,3,0,0,0,0,0,1,3,3,0
28716,0,7,0,0,1,1,1,1,1,1,0
56166,0,2,0,0,1,2,1,0,3,0,0
47159,1,6,0,0,1,0,0,5,4,0,0
26242,1,0,0,0,0,3,0,1,1,1,0
36226,1,0,0,0,0,3,0,4,0,1,0
47357,0,6,0,0,1,0,1,0,4,1,0
33167,0,5,0,0,1,0,0,1,2,1,0
21042,0,7,0,0,1,1,1,2,2,2,0
71062,0,6,0,0,1,0,1,4,2,2,0
32723,0,0,0,0,0,3,1,2,0,0,0
49646,1,7,0,1,1,1,1,3,2,1,0
24256,1,2,0,0,1,0,1,2,3,2,0
62340,1,5,0,0,1,0,0,2,3,0,0
39927,1,3,0,0,1,0,1,0,2,0,0
30677,0,0,0,0,0,3,0,1,1,1,0
50453,1,0,0,0,0,3,0,1,0,1,0
17398,1,3,0,0,1,0,1,2,2,1,0
20938,0,6,0,0,1,0,1,1,2,2,0
21850,1,5,0,0,1,2,0,2,3,1,0
14241,1,1,0,0,0,0,0,1,1,0,0
43905,0,6,0,0,0,2,1,2,0,0,0
40144,0,2,0,0,0,1,1,1,2,3,0
7806,0,3,0,0,1,0,0,5,4,3,0
63984,1,3,0,0,1,0,1,6,1,0,0
13504,0,0,0,0,0,3,0,3,0,1,0
62272,0,7,0,0,1,0,0,3,3,0,0
5878,0,6,0,0,1,0,0,6,2,3,0
62767,0,1,0,0,1,0,0,1,4,0,0
239,1,5,1,1,1,0,1,6,2,2,0
3184,0,4,0,0,1,0,0,1,2,2,0
51959,1,0,0,0,0,3,1,1,2,1,0
2092,0,3,0,0,1,0,1,1,2,0,0
69239,0,3,0,0,1,1,1,2,5,3,0
68235,1,0,0,0,0,3,1,1,1,2,0
3956,1,0,0,0,0,3,0,0,2,1,0
42703,1,7,0,0,1,1,0,0,2,1,0
34436,0,0,0,0,0,3,1,2,0,1,0
39258,0,5,0,0,1,1,0,0,2,0,0
40513,0,1,0,0,0,0,0,1,2,3,0
48648,0,5,0,0,1,0,0,0,2,0,0
48836,0,0,0,0,0,3,0,1,2,0,0
71444,0,5,0,0,1,0,1,1,4,2,0
33983,1,7,0,0,1,2,1,6,2,0,0
35372,1,3,0,0,1,2,1,1,4,0,0
31849,0,4,0,0,1,0,1,2,2,3,0
2772,1,5,0,0,1,0,0,1,2,1,0
11148,1,5,0,0,1,0,1,1,1,1,0
62387,0,4,0,0,1,0,0,2,1,0,0
50775,1,4,0,0,0,0,0,3,4,1,0
3807,0,0,0,0,0,3,0,1,2,1,0
51339,1,0,0,0,0,3,1,1,2,1,0
69259,0,7,0,0,1,0,1,2,2,3,0
32826,1,0,0,0,0,3,0,1,0,1,0
12414,1,7,1,0,1,0,1,1,3,2,0
21381,0,5,0,0,1,0,0,2,2,0,0
29375,1,6,0,0,1,0,0,6,4,3,0
62452,1,7,1,0,1,0,1,6,3,0,0
68650,1,6,0,1,1,0,1,1,2,1,0
47622,1,7,0,1,1,1,0,6,3,1,0
57124,1,3,0,0,1,0,0,3,3,3,0
19382,0,4,0,0,1,0,1,1,2,0,0
44179,0,3,0,0,1,0,0,1,1,0,0
50098,1,5,0,0,1,0,1,4,4,3,0
24674,1,3,0,0,1,0,0,1,2,3,0
72361,0,3,0,0,1,0,0,1,4,1,0
14563,1,0,0,0,0,3,0,1,2,1,0
40237,0,0,0,0,0,3,0,1,1,0,0
36523,1,5,1,0,1,0,0,2,4,0,0
65970,0,0,0,0,0,3,1,1,0,1,0
1577,0,1,0,0,0,0,0,1,5,1,0
51109,0,0,0,0,0,3,1,3,0,1,0
46373,0,5,0,0,1,0,1,5,2,0,0
13062,1,1,0,0,0,0,1,3,1,1,0
47770,1,0,0,0,0,3,0,1,1,1,0
32459,0,7,0,0,1,2,1,1,1,0,0
7725,1,5,0,0,1,0,0,1,4,2,0
67217,0,4,0,0,1,0,0,1,4,2,0
49976,0,5,0,1,1,0,0,4,4,2,0
71318,1,6,0,0,1,2,1,6,2,2,0
42201,1,5,0,0,1,0,0,3,3,0,0
11232,1,4,0,0,1,0,1,1,3,0,0
14709,1,4,0,0,1,0,0,1,3,0,0
57137,1,6,0,0,1,0,0,0,2,3,0
36858,0,3,0,0,1,0,1,1,1,2,0
50373,0,0,0,0,0,3,1,0,0,1,0
51124,1,7,0,0,1,1,0,0,2,3,0
13191,0,1,0,0,0,0,1,3,0,0,0
47330,1,0,0,0,0,3,1,0,0,1,0
42191,0,5,0,0,1,2,0,4,4,0,0
35332,0,6,0,0,1,0,1,1,2,0,0
49341,0,7,0,0,1,0,1,4,0,0,0
64750,0,1,0,0,0,0,1,0,1,0,0
70259,0,0,0,0,0,3,1,0,1,1,0
36960,0,7,0,0,1,0,1,1,4,0,0
12992,0,4,0,0,1,0,1,1,4,0,0
4692,0,7,0,0,1,2,0,7,2,0,0
62460,1,6,0,0,1,0,1,3,3,3,0
72132,1,1,0,0,0,3,0,2,1,1,0
41402,1,6,0,0,1,1,0,1,5,0,0
63577,0,4,1,0,1,1,1,0,3,0,0
11726,0,4,0,0,1,2,1,1,1,2,0
13736,1,1,0,0,1,0,0,1,3,2,0
43913,0,1,0,0,0,0,1,2,2,0,0
41870,1,1,0,0,0,4,1,0,3,1,0
37907,0,1,0,0,0,0,0,4,1,0,0
15987,1,0,0,0,0,3,0,1,3,0,0
57166,0,1,0,0,0,0,1,3,1,1,0
47627,1,0,0,0,0,3,0,2,1,1,0
8723,0,1,0,0,0,0,1,1,1,1,0
52559,1,1,0,0,0,0,0,1,5,1,0
41271,1,6,1,0,1,2,0,6,3,0,0
66893,1,4,1,0,1,2,0,4,5,2,0
21491,0,7,0,0,1,0,0,6,3,0,0
51806,1,2,0,0,1,0,1,1,2,3,0
59412,0,1,0,0,1,0,0,0,1,0,0
742,0,3,0,0,0,2,1,1,3,0,0
42902,1,2,0,0,1,0,1,2,3,0,0
43059,0,7,0,0,1,1,1,4,2,0,0
61512,0,7,0,0,1,1,0,4,1,2,0
10943,0,3,0,0,1,2,1,3,3,2,0
11447,0,3,0,0,1,2,0,1,4,0,0
29233,1,0,0,0,0,3,1,3,1,1,0
17762,0,0,0,0,0,3,1,3,1,1,0
46284,1,5,1,0,1,1,0,6,3,2,0
38493,1,6,1,1,1,0,0,6,2,0,0
57953,0,0,0,0,0,3,0,4,0,1,0
30746,0,2,0,0,1,0,1,3,5,1,0
16949,0,4,1,0,1,2,1,2,2,1,0
45297,1,6,1,0,1,0,1,1,2,0,0
40251,0,1,0,0,0,0,1,0,1,0,0
27013,1,0,0,0,0,3,0,1,0,1,0
7586,1,1,0,0,0,1,1,3,2,2,0
26452,0,3,0,0,1,0,1,2,3,0,0
16378,0,6,0,0,1,2,0,3,3,1,0
5137,1,6,0,0,1,1,1,6,3,2,0
4559,1,3,0,0,0,0,1,1,4,1,0
45257,0,3,0,0,1,0,1,1,3,3,0
34386,0,3,0,0,1,0,1,2,6,0,0
15219,0,2,0,0,0,0,1,1,1,0,0
9076,1,3,0,0,1,1,0,1,2,1,0
72824,1,4,0,0,1,0,1,0,2,2,0
64132,1,6,0,1,1,1,1,1,3,1,0
52987,0,2,0,0,1,2,1,1,1,1,0
17827,1,4,0,0,1,0,1,3,3,2,0
29378,0,7,0,0,1,0,0,1,2,1,0
29327,0,2,0,0,0,1,0,0,1,3,0
48609,0,7,0,1,1,0,1,3,3,3,0
4833,0,0,0,0,0,3,1,6,2,3,0
8085,1,1,0,0,0,0,1,4,3,3,0
41820,0,2,0,0,1,2,1,1,1,0,0
72474,0,7,0,0,1,2,1,0,1,0,0
32094,1,5,1,0,1,1,0,1,2,0,0
66818,1,7,0,0,1,2,0,1,1,0,0
49057,0,2,0,0,0,0,1,0,1,3,0
18070,0,2,0,0,0,0,1,1,1,0,0
17860,1,5,0,0,1,0,1,1,4,2,0
17078,1,7,0,0,1,0,0,2,3,3,0
23836,1,7,0,0,1,0,0,1,3,2,0
5296,0,4,0,0,0,0,0,1,3,0,0
48184,1,6,0,0,1,0,1,3,2,3,0
9511,1,2,0,0,0,0,0,3,4,1,0
19389,0,3,0,1,1,2,0,6,3,3,0
25559,0,6,0,1,1,2,1,1,4,1,0
34496,0,7,0,0,1,0,0,7,5,1,0
8096,0,4,0,0,1,0,0,2,1,3,0
49709,0,7,1,0,1,1,1,6,3,0,0
19735,0,5,0,0,1,0,1,1,6,2,0
31415,0,5,0,0,1,0,0,6,4,0,0
71322,0,3,0,0,1,0,1,5,3,0,0
72337,0,5,0,0,1,0,0,6,5,0,0
25454,0,0,0,0,0,3,1,1,2,1,0
15310,0,4,0,0,1,0,0,3,1,3,0
10245,0,5,0,0,1,1,1,1,4,0,0
7550,0,4,0,0,1,0,1,6,3,1,0
57917,0,4,0,0,1,0,0,5,2,3,0
24219,1,1,0,0,1,0,0,1,3,0,0
49023,1,6,1,0,1,1,1,2,5,0,0
51020,0,5,0,0,1,0,1,1,2,2,0
52089,0,1,0,0,0,0,0,4,2,3,0
41424,1,5,0,1,1,1,1,5,3,1,0
7297,1,0,0,0,0,3,1,1,0,1,0
68994,1,6,0,0,1,0,0,0,4,0,0
25935,0,4,0,0,0,1,0,1,3,1,0
29910,1,3,0,0,1,0,0,1,1,0,0
24567,1,4,0,0,1,1,0,0,4,3,0
54858,1,6,0,0,1,2,1,6,4,3,0
36679,0,1,1,0,0,0,0,1,5,0,0
59339,1,0,0,0,0,3,0,1,0,1,0
18754,1,1,0,0,0,1,1,1,2,0,0
34312,0,4,0,0,1,1,0,1,1,0,0
57798,1,0,0,0,0,3,1,4,2,1,0
37759,0,5,0,0,1,0,1,1,7,1,0
11605,0,2,0,0,0,0,1,2,2,0,0
47558,1,6,1,1,1,0,0,3,3,2,0
54264,0,7,1,0,1,0,0,0,3,0,0
47893,1,6,0,0,1,0,1,1,3,0,0
3178,0,1,0,0,1,0,1,0,6,2,0
61924,1,0,0,0,0,3,1,4,1,1,0
18141,1,7,0,1,1,1,1,2,2,1,0
58015,0,4,0,0,0,0,1,0,1,3,0
354,0,6,0,0,1,0,0,1,2,3,0
5777,0,5,0,0,1,0,0,0,3,1,0
43271,0,1,0,0,0,2,0,0,1,3,0
46210,0,6,0,0,1,1,1,2,2,2,0
39714,1,0,0,0,0,3,0,0,0,1,0
21785,0,2,0,0,0,0,0,1,2,0,0
36620,0,7,0,0,1,0,1,0,3,2,0
49495,0,1,0,0,0,0,1,5,5,0,0
21720,0,7,0,0,1,0,1,1,2,2,0
6304,1,4,1,0,1,1,0,1,3,0,0
18887,1,5,0,0,1,0,1,2,5,2,0
30214,1,1,0,0,0,0,1,1,1,0,0
66419,1,1,0,0,1,0,1,3,2,0,0
57468,0,4,0,0,1,0,1,1,2,0,0
24218,0,7,0,0,0,0,1,1,2,0,0
69792,0,3,0,0,1,2,0,0,3,0,0
6372,0,2,0,0,1,0,0,1,6,0,0
34664,1,6,0,0,1,0,0,3,2,2,0
40931,0,3,0,0,1,2,0,1,1,3,0
28559,1,0,0,0,0,3,0,1,0,1,0
15166,0,7,1,0,1,0,0,5,1,1,0
49815,0,1,0,0,0,2,1,3,1,0,0
1625,0,0,0,0,0,3,0,1,1,1,0
56309,0,1,0,0,1,0,1,0,2,0,0
30116,0,5,0,0,1,0,1,2,2,0,0
52034,1,2,0,0,1,0,0,1,2,0,0
35584,1,6,0,0,1,0,1,1,2,0,0
2898,1,4,0,0,1,0,0,1,6,0,0
17175,0,1,0,0,0,3,0,1,1,1,0
63663,1,4,0,0,1,0,0,5,2,0,0
10603,0,6,0,0,1,0,1,1,1,1,0
49152,0,3,0,0,0,0,1,1,1,3,0
1231,0,6,0,0,1,2,1,1,1,1,0
43672,0,4,0,0,1,0,0,4,1,2,0
25107,0,4,0,0,1,0,0,0,3,0,0
39286,0,2,0,0,1,1,1,4,2,1,0
32766,1,4,0,0,0,0,1,2,5,3,0
15988,1,6,1,0,1,0,0,5,3,1,0
9011,1,5,0,0,1,0,0,1,2,3,0
71721,0,1,0,0,0,0,1,1,3,1,0
14832,0,7,0,1,1,0,0,1,3,1,0
38094,1,1,0,0,0,1,0,0,1,0,0
49789,0,7,0,0,0,2,0,0,2,2,0
33525,1,5,0,0,1,2,0,3,4,3,0
12318,1,4,0,0,1,1,0,2,2,1,0
54553,1,6,1,0,1,0,0,0,3,2,0
45976,1,5,0,0,1,0,0,1,1,1,0
43675,0,0,0,0,0,3,0,0,1,1,0
12915,0,6,0,0,1,2,1,1,3,0,0
4542,0,5,0,0,1,2,0,1,5,1,0
65801,0,1,0,0,0,0,0,1,0,1,0
59953,0,1,0,0,0,0,1,0,2,0,0
60973,1,4,0,0,1,0,0,0,2,0,0
68739,1,2,0,0,1,0,0,4,4,2,0
35829,0,2,0,0,1,0,0,6,0,3,0
53909,0,5,1,0,1,0,0,6,3,3,0
5799,1,6,0,1,1,0,1,6,2,2,0
43772,0,2,0,0,0,0,0,2,1,1,0
3154,0,7,0,0,1,1,1,3,0,2,0
45754,0,1,0,0,0,0,0,1,2,0,0
6128,1,0,0,0,0,3,1,1,0,1,0
22623,1,7,0,0,1,0,0,1,1,3,0
37082,0,3,0,0,1,2,0,0,2,2,0
64541,1,1,0,0,1,0,0,3,2,0,0
47037,0,6,0,0,1,0,0,2,4,2,0
48614,1,5,0,0,1,2,0,1,2,3,0
15969,0,3,0,0,1,1,1,2,4,2,0
50889,0,1,0,0,0,2,1,0,5,0,0
56459,1,3,0,0,1,0,1,1,3,2,0
34163,1,5,0,0,1,0,1,2,2,0,0
14222,0,1,0,0,0,0,0,1,4,0,0
34001,0,0,0,0,0,3,0,1,1,1,0
48964,1,1,0,0,0,0,1,2,2,0,0
40393,0,2,0,0,0,0,0,0,1,0,0
47947,0,6,0,0,1,1,1,3,3,3,0
51149,1,6,0,0,1,0,0,0,2,1,0
17079,1,4,0,0,1,0,1,1,2,3,0
44781,0,6,0,1,1,0,0,6,4,3,0
29385,0,5,0,0,1,0,1,6,5,3,0
53610,1,5,0,0,1,0,0,1,4,2,0
48210,1,5,0,0,1,0,1,0,3,0,0
48072,0,5,1,0,1,0,0,4,2,1,0
32776,1,6,0,0,1,0,0,5,2,0,0
8960,0,3,0,0,0,1,1,1,6,3,0
63491,0,6,0,0,1,0,0,2,2,2,0
51883,0,5,0,0,1,2,1,0,4,0,0
20460,0,6,0,0,1,0,0,3,3,0,0
47181,0,6,0,0,1,0,0,2,4,0,0
35432,0,3,0,0,1,0,1,1,2,0,0
44010,0,0,0,0,0,3,0,0,0,1,0
50841,0,3,0,0,1,0,1,5,2,3,0
71044,0,0,0,0,0,3,1,1,0,1,0
9489,0,6,0,0,1,0,0,1,1,1,0
28725,0,2,0,0,0,0,1,1,3,2,0
30290,0,3,0,0,1,0,0,1,1,0,0
13723,0,6,0,0,1,0,0,1,1,2,0
26328,1,5,1,0,1,0,0,6,3,0,0
60104,1,4,0,0,1,0,0,1,2,3,0
48722,0,5,0,0,1,0,0,1,4,2,0
14481,0,7,0,0,1,1,0,1,1,0,0
67963,0,6,1,0,0,0,1,1,3,2,0
70752,1,3,0,0,1,0,0,4,2,1,0
14711,1,6,0,0,1,1,0,1,3,2,0
26366,0,2,0,0,0,0,1,2,2,2,0
12436,1,0,0,0,0,3,0,1,1,1,0
36722,0,2,0,0,1,0,0,3,5,3,0
37698,0,1,0,0,0,3,0,1,1,2,0
55235,0,4,0,0,1,1,0,1,4,3,0
20468,0,2,0,0,1,0,0,1,5,0,0
14677,0,2,0,0,1,1,1,1,1,0,0
44171,1,6,0,0,1,0,1,0,3,0,0
70344,1,7,0,0,1,0,0,4,4,3,0
8470,0,7,0,0,1,0,0,1,1,0,0
42743,0,1,0,0,0,0,0,1,3,1,0
13949,0,4,0,0,1,2,0,0,4,0,0
61096,1,5,0,0,1,0,1,1,2,2,0
19239,0,4,0,0,1,2,0,2,3,1,0
70447,1,4,0,0,1,0,1,3,4,3,0
6879,0,4,0,0,0,2,0,6,5,3,0
37451,0,4,0,0,1,2,1,2,2,2,0
5686,1,2,0,0,1,0,0,0,2,1,0
4789,1,0,0,0,0,3,1,1,0,1,0
897,1,0,0,0,0,3,1,0,0,1,0
69553,0,2,0,0,1,0,1,0,1,0,0
58438,1,3,0,0,0,0,1,6,5,0,0
29104,0,1,0,0,0,0,0,3,4,0,0
26862,0,3,0,0,1,2,1,1,3,2,0
38036,0,1,0,0,0,0,0,3,3,1,0
36666,1,0,0,0,0,3,0,0,0,1,0
16316,1,2,0,0,1,0,1,1,2,1,0
61365,1,4,0,0,1,0,1,0,1,3,0
12512,0,5,1,0,1,0,1,6,3,0,0
31835,1,1,0,0,0,0,0,1,2,0,0
4099,0,1,0,0,0,0,0,1,1,1,0
26893,1,0,0,0,0,3,0,2,3,1,0
35143,0,2,0,0,1,0,0,1,5,1,0
1486,0,2,0,0,1,0,1,3,1,1,0
5043,0,5,0,0,1,0,0,1,2,0,0
3640,0,2,0,0,0,1,1,1,2,1,0
17835,0,3,0,0,0,1,1,1,1,1,0
26826,0,6,0,0,1,1,0,1,0,0,0
45713,0,5,0,0,1,2,0,6,3,2,0
37660,1,0,0,0,0,3,1,2,1,0,0
24782,1,3,0,0,1,0,1,1,2,3,0
63416,0,1,0,0,0,0,0,0,1,1,0
16953,0,6,0,0,1,2,1,0,2,2,0
42082,1,0,0,0,0,3,1,1,1,1,0
51660,0,6,0,0,1,1,1,0,3,0,0
54058,0,1,0,0,0,0,0,0,2,3,0
24272,1,6,0,0,1,2,1,6,2,2,0
16028,0,4,0,0,1,0,1,1,4,3,0
49645,1,5,0,0,0,0,1,1,1,2,0
54347,1,6,0,0,1,1,1,5,2,2,0
4861,0,2,0,0,1,0,0,1,1,3,0
54353,0,7,1,1,1,0,0,6,5,0,0
71016,0,6,0,0,1,0,1,0,2,2,0
33768,0,1,0,0,0,1,0,1,2,1,0
62681,0,3,1,0,1,0,0,4,5,0,0
41007,0,3,0,0,1,0,0,0,3,0,0
35450,0,4,0,0,1,0,1,1,1,0,0
62793,1,3,0,0,1,0,0,1,2,0,0
66592,1,1,0,0,0,0,1,3,1,0,0
33462,1,3,0,0,1,0,0,1,5,0,0
29804,1,1,1,0,1,0,1,1,2,3,0
33906,1,4,0,0,1,2,0,1,3,3,0
43510,0,4,1,0,1,2,0,0,2,0,0
21202,0,2,0,0,1,0,0,1,4,3,0
7222,0,7,0,0,1,1,0,1,1,2,0
13561,0,6,0,0,1,0,0,1,2,2,0
29179,0,7,1,1,1,0,1,2,3,3,0
20825,0,5,0,0,1,2,1,1,1,0,0
67144,0,6,0,0,1,1,0,1,2,1,0
3753,1,2,0,0,1,0,0,1,2,1,0
48759,0,4,0,0,1,0,1,5,1,2,0
69524,1,5,0,0,1,1,0,1,3,0,0
28443,1,6,0,0,1,1,0,1,4,2,0
38578,0,2,0,0,0,0,0,1,2,1,0
66502,1,1,0,0,0,0,1,3,3,0,0
50978,0,2,0,0,1,2,0,1,4,1,0
9034,1,0,0,0,0,3,0,1,1,1,0
16582,1,2,0,0,1,0,1,1,3,3,0
28500,1,0,0,0,0,3,0,1,0,1,0
70241,0,1,0,0,0,0,0,0,1,3,0
32452,0,7,0,1,1,1,1,6,2,0,0
45573,0,4,0,0,1,0,1,1,2,3,0
64412,0,4,0,0,1,0,0,0,1,0,0
66647,1,2,0,0,1,0,1,2,2,1,0
39450,1,1,0,0,0,0,1,0,2,1,0
57109,0,0,0,0,0,3,1,1,1,2,0
3591,0,6,1,0,1,0,1,1,1,0,0
25138,0,7,1,0,1,0,1,1,3,3,0
17277,1,0,0,0,0,3,0,1,1,1,0
35333,1,7,1,0,1,0,1,6,2,0,0
15120,0,7,1,0,1,1,1,6,3,0,0
29221,0,3,0,0,1,0,0,1,4,0,0
11412,0,5,0,0,1,0,1,6,6,0,0
38858,1,0,0,0,0,3,1,0,0,1,0
6802,0,3,0,0,1,0,0,1,2,1,0
8644,0,7,0,1,1,0,1,1,2,2,0
54579,0,7,0,0,1,1,0,1,2,2,0
41935,1,2,0,0,0,0,1,3,3,0,0
17926,0,4,0,0,1,2,1,3,2,1,0
13862,0,0,0,0,0,4,0,1,1,0,0
64523,1,5,1,0,1,0,0,1,3,0,0
66065,1,0,0,0,0,3,1,4,0,1,0
71869,0,1,0,0,0,0,1,1,3,2,0
11024,0,7,0,0,1,0,1,1,3,2,0
24630,1,5,0,0,1,0,1,6,1,2,0
11238,1,4,0,0,1,0,1,1,3,1,0
54946,0,2,0,0,0,0,0,5,1,0,0
24229,0,5,0,0,1,1,0,6,5,0,0
29934,1,2,0,0,1,0,0,2,1,1,0
28998,1,1,0,0,0,0,1,1,2,3,0
19805,1,6,0,0,0,0,0,1,3,0,0
63668,1,1,0,0,0,0,1,1,1,2,0
24876,1,2,0,0,1,0,0,1,1,0,0
34719,1,4,1,0,0,0,0,3,3,0,0
48769,0,3,0,0,1,0,1,0,2,1,0
22536,0,0,0,0,0,3,0,1,2,0,0
8760,0,1,0,0,0,0,0,4,1,3,0
18179,1,0,0,0,0,0,1,1,1,0,0
38242,0,7,0,1,1,1,1,1,3,1,0
68708,0,1,0,0,0,0,0,0,1,1,0
12366,0,2,0,0,0,0,0,1,1,1,0
42465,0,7,1,0,1,0,1,0,0,0,0
24638,1,4,0,0,1,2,0,1,3,1,0
58587,1,6,0,0,1,0,0,0,1,3,0
36545,1,3,0,0,1,0,1,0,2,2,0
19467,1,6,1,0,1,0,0,1,2,3,0
16868,0,4,0,0,1,0,1,1,3,2,0
47608,0,1,0,0,0,0,0,6,1,0,0
38440,1,1,0,0,0,0,1,4,2,1,0
23543,0,1,0,0,0,0,1,1,5,1,0
65396,0,3,0,0,1,0,1,4,4,0,0
34621,0,0,0,0,0,3,0,1,0,1,0
23561,0,4,0,0,1,0,1,1,5,0,0
16091,1,0,0,0,0,0,1,2,1,0,0
63597,0,6,0,0,1,0,0,5,4,0,0
57533,1,6,1,0,1,0,0,2,2,2,0
59370,0,6,0,0,1,0,0,0,2,1,0
57285,1,5,0,0,0,0,1,0,3,0,0
17515,0,0,0,0,0,3,1,1,1,1,0
23988,0,4,0,0,1,0,1,1,3,3,0
34958,1,0,0,0,0,3,0,1,1,2,0
30620,1,3,0,0,0,0,0,1,1,3,0
31811,0,5,0,1,1,0,0,1,4,0,0
26830,0,4,0,0,1,1,1,0,2,3,0
25883,0,7,1,0,1,1,0,1,1,1,0
43657,1,6,0,0,1,2,1,5,3,0,0
71917,1,0,0,0,0,3,1,6,2,0,0
61299,0,7,1,0,1,0,1,3,4,1,0
24603,1,7,0,0,1,0,0,6,2,2,0
70654,0,1,0,0,0,0,1,2,3,1,0
49485,0,2,0,0,0,0,1,4,2,1,0
61641,1,0,0,0,0,3,1,4,1,1,0
12600,0,3,0,0,1,1,1,1,2,0,0
11566,1,3,0,0,1,0,1,3,1,1,0
72108,1,0,0,0,0,3,1,0,0,1,0
35117,0,7,0,0,1,1,1,1,2,0,0
22967,1,1,0,0,0,0,1,1,1,0,0
28913,1,7,0,0,1,0,1,2,3,1,0
70857,0,5,0,0,1,2,0,5,2,3,0
42229,0,6,0,0,1,1,1,1,1,0,0
23459,0,4,0,0,1,0,1,1,4,3,0
2209,0,4,0,0,1,2,0,2,3,3,0
38673,0,4,0,0,1,0,1,2,3,0,0
42184,1,3,0,0,1,1,1,1,3,0,0
59250,0,7,0,0,1,2,0,0,4,1,0
29525,1,6,0,0,1,0,0,1,4,2,0
42713,0,4,0,0,1,0,0,3,2,0,0
16066,0,5,1,1,1,0,0,5,1,3,0
33692,0,0,0,0,0,3,1,1,4,1,0
29232,0,5,0,0,1,0,0,3,3,3,0
70122,0,2,0,0,1,0,1,1,3,0,0
66110,0,5,0,0,1,0,1,0,2,1,0
69461,0,4,0,0,1,2,0,1,1,1,0
7885,0,1,0,0,0,0,1,1,0,1,0
60050,0,5,0,0,1,1,0,3,3,3,0
21608,1,5,1,0,1,2,0,1,1,3,0
32150,0,5,0,0,1,1,1,1,2,3,0
48069,0,6,0,0,1,0,1,5,5,0,0
24066,0,4,0,0,1,0,0,1,2,1,0
39242,1,7,1,1,1,0,0,1,2,2,0
57618,0,4,0,0,1,1,1,4,2,0,0
14599,0,0,0,0,0,3,1,1,0,1,0
27479,1,6,0,0,1,1,1,2,1,2,0
10238,0,6,1,0,1,0,0,1,2,0,0
49014,0,7,0,0,1,2,0,6,1,0,0
67063,1,6,0,0,1,1,0,4,4,1,0
38488,0,2,0,0,1,0,0,0,2,3,0
33298,0,4,0,0,1,0,0,2,2,2,0
48739,1,4,0,0,1,1,0,4,4,3,0
52428,1,1,0,0,0,0,0,3,1,3,0
61171,0,2,0,0,0,0,1,0,1,0,0
40878,1,7,0,0,1,1,1,0,2,2,0
61247,0,2,0,0,0,0,1,5,2,0,0
27799,1,7,0,0,1,0,1,6,4,2,0
2824,0,4,0,0,1,2,0,1,1,0,0
12376,1,6,0,0,1,2,0,1,4,2,0
72435,0,3,0,0,1,0,0,6,2,0,0
46864,1,5,0,1,1,2,0,6,4,0,0
26154,1,5,0,0,1,0,1,1,3,0,0
47972,0,1,0,0,0,2,1,1,3,3,0
47751,0,1,0,0,0,0,0,4,1,1,0
25405,1,6,0,0,1,2,0,5,6,0,0
34525,0,2,0,0,0,0,1,1,1,0,0
13755,1,0,0,0,0,3,1,1,1,1,0
56019,0,1,0,0,0,0,0,1,2,0,0
67942,1,1,0,0,0,0,1,0,1,0,0
43806,1,4,0,0,1,0,0,4,2,3,0
39849,1,3,1,0,0,0,0,1,4,1,0
7344,1,3,0,0,1,2,1,6,1,0,0
52220,0,2,0,0,0,0,1,4,1,2,0
20129,1,4,0,0,1,0,1,1,3,0,0
61178,1,3,0,0,1,0,0,5,3,1,0
48226,0,0,0,0,0,3,1,0,0,1,0
1151,0,5,0,0,1,1,0,0,1,2,0
10333,0,4,0,0,1,0,0,1,1,0,0
11134,1,3,0,0,1,0,1,1,2,0,0
25199,0,7,0,0,1,0,1,1,2,0,0
66490,1,3,1,0,1,2,0,3,5,3,0
10390,0,0,0,0,0,3,0,0,0,1,0
33144,0,6,0,0,0,2,0,3,2,3,0
72497,0,0,0,0,0,3,1,3,1,1,0
16783,1,5,0,1,1,1,0,1,2,2,0
727,1,4,0,0,1,0,1,1,3,3,0
51935,1,1,0,0,0,4,0,0,2,0,0
44177,0,6,0,0,1,1,1,0,3,1,0
2421,0,5,0,0,1,0,0,1,4,0,0
48693,0,3,0,0,1,0,1,1,3,2,0
5723,0,4,0,0,1,0,0,1,2,0,0
71590,0,0,0,0,0,3,1,2,1,1,0
16600,1,0,0,0,0,3,1,0,3,1,0
28309,0,6,0,0,1,0,0,1,0,0,0
41911,0,1,0,0,1,0,1,4,1,1,0
3390,0,3,0,0,1,0,1,2,1,0,0
31806,0,6,0,0,1,0,0,1,4,1,0
68750,1,5,0,0,1,0,1,1,4,0,0
32840,0,5,0,0,1,0,0,1,1,3,0
49797,0,2,0,0,0,0,1,1,3,0,0
72096,0,3,0,0,1,0,1,3,1,0,0
13503,1,7,0,0,1,1,0,1,2,0,0
41536,0,2,0,0,1,2,1,0,1,1,0
17441,0,2,0,0,0,1,1,1,2,0,0
62238,0,3,0,0,0,0,0,1,2,0,0
737,1,0,0,0,0,3,0,1,3,1,0
4627,1,2,0,0,0,0,0,0,4,2,0
47208,0,6,0,0,1,1,1,0,2,0,0
6844,1,2,0,0,1,0,0,1,5,0,0
60001,0,5,0,0,1,0,1,0,2,3,0
44503,0,1,0,0,0,0,1,0,4,0,0
40371,0,4,0,0,1,0,0,0,2,0,0
39011,0,0,0,0,0,3,0,0,2,0,0
1460,0,7,0,0,1,0,0,1,1,1,0
48364,1,5,0,0,1,2,0,6,2,2,0
30285,1,7,0,1,1,1,1,1,2,0,0
21472,1,5,0,1,1,1,1,2,5,2,0
71182,0,6,1,0,1,2,0,4,4,0,0
33412,0,1,0,0,0,0,1,1,0,0,0
60266,1,0,0,0,0,3,1,1,0,1,0
70965,1,0,0,0,0,3,0,1,1,1,0
56736,1,1,0,0,0,0,1,0,1,1,0
6537,0,5,0,0,1,1,0,1,1,0,0
41827,1,5,0,0,1,0,1,4,1,2,0
49480,0,2,0,0,0,0,0,2,1,0,0
36704,0,2,0,0,1,1,1,1,2,3,0
8884,0,0,0,0,0,3,1,2,1,1,0
49775,1,3,0,0,1,0,1,1,2,1,0
25777,1,7,0,0,1,0,1,1,2,2,0
2070,1,5,0,0,1,0,0,1,2,3,0
15752,1,3,0,0,1,0,0,1,3,2,0
45915,0,3,0,0,0,0,1,0,3,2,0
48775,0,7,1,0,1,1,1,6,1,1,0
65697,0,3,0,0,1,0,0,3,4,0,0
65229,0,1,0,0,0,0,1,0,2,1,0
56889,1,4,1,0,1,0,0,0,3,1,0
46577,0,0,0,0,0,0,0,1,3,0,0
63455,1,2,0,0,1,0,0,1,1,0,0
21724,0,3,0,0,1,1,0,3,3,2,0
29863,1,4,0,0,0,0,0,2,2,0,0
69249,0,0,0,0,0,3,0,3,0,1,0
20310,1,1,0,0,0,2,0,1,1,0,0
11450,0,3,0,0,1,1,0,1,1,0,0
31999,1,4,0,1,1,0,1,1,3,1,0
34133,0,1,0,0,0,0,1,1,1,1,0
44202,0,1,0,0,1,0,0,0,3,0,0
72311,1,1,0,0,0,0,0,3,1,1,0
18704,0,3,0,0,1,0,1,1,5,1,0
36518,0,4,0,0,1,0,0,4,3,1,0
35651,1,0,0,0,0,3,0,3,0,1,0
13749,0,3,0,0,1,0,1,1,1,2,0
21521,1,6,0,1,1,0,0,2,3,3,0
8882,1,1,0,0,0,2,1,1,2,0,0
32016,1,7,1,0,1,0,1,5,3,0,0
14287,0,2,0,0,1,0,0,0,1,1,0
60139,0,2,0,0,1,1,1,4,2,3,0
2447,0,6,0,0,1,0,0,1,2,2,0
44391,1,5,0,0,1,0,0,0,1,0,0
12741,0,1,0,0,1,0,1,1,5,2,0
15418,0,7,0,0,1,1,1,1,3,0,0
69482,0,2,0,0,1,2,0,1,3,1,0
32270,1,5,0,0,1,0,1,5,4,0,0
50983,1,2,0,0,1,0,1,1,2,0,0
6493,1,2,0,0,0,0,0,1,1,3,0
45399,1,6,0,0,1,0,0,1,2,1,0
19585,0,1,0,0,0,0,1,1,2,0,0
26247,0,7,0,0,1,0,1,1,0,1,0
25818,1,5,0,0,1,2,1,1,1,2,0
64128,1,0,0,0,0,3,0,0,1,3,0
62817,1,6,0,0,1,0,0,4,3,3,0
69339,1,0,0,0,0,3,0,1,1,1,0
25919,1,4,1,0,1,1,0,1,5,0,0
71978,0,4,0,0,1,0,0,1,2,2,0
1473,1,6,1,0,1,0,0,6,3,3,0
66546,0,1,0,0,0,0,0,1,2,0,0
56584,0,1,0,0,0,0,1,0,3,3,0
38316,1,5,0,0,1,0,1,3,2,1,0
15647,0,5,0,0,0,0,1,1,1,1,0
59933,0,2,0,0,0,0,1,2,1,1,0
3429,0,2,0,0,0,2,0,2,1,1,0
60963,0,5,0,0,1,0,1,4,3,2,0
67689,1,3,0,0,1,1,1,1,4,1,0
31689,0,5,0,0,1,0,1,2,2,1,0
23240,0,3,0,0,1,0,1,1,2,0,0
30850,1,7,0,0,1,0,0,1,3,1,0
66080,0,2,0,0,0,0,0,3,4,1,0
57263,0,5,0,0,1,0,0,2,3,0,0
60126,0,7,0,0,1,0,0,0,1,3,0
64393,1,5,0,0,0,1,1,1,2,0,0
69285,0,4,0,0,1,0,0,1,1,3,0
24428,1,0,0,0,0,3,1,4,0,1,0
59642,0,4,0,0,1,0,0,2,2,0,0
12064,1,6,0,0,1,0,1,0,3,1,0
59737,0,6,0,0,1,0,0,1,2,3,0
19352,0,5,0,0,1,0,0,1,1,1,0
61903,1,5,0,0,0,2,1,1,4,3,0
47701,1,0,0,0,0,3,0,2,1,1,0
15225,1,1,0,0,0,0,1,2,1,1,0
66431,1,4,0,0,1,0,0,6,5,1,0
57236,1,0,0,0,0,3,1,1,0,1,0
48453,0,5,0,0,1,0,0,3,2,1,0
8031,0,6,0,0,1,1,1,1,2,3,0
39139,0,5,0,0,1,0,1,1,4,0,0
4838,0,4,0,0,1,2,0,1,3,0,0
22689,1,0,0,0,0,3,1,1,1,1,0
37752,0,2,0,0,1,0,1,1,1,0,0
32320,0,2,0,0,1,1,0,3,2,3,0
14889,1,6,0,0,1,2,1,3,1,0,0
13964,0,3,0,0,1,0,1,2,1,0,0
31746,0,6,0,0,1,0,1,1,1,0,0
17492,0,0,0,0,0,3,0,2,1,1,0
1499,0,3,0,0,1,2,1,1,5,0,0
34396,0,5,1,0,1,0,0,1,1,0,0
36750,1,6,1,0,1,0,1,6,5,2,0
68816,1,5,0,0,1,0,1,1,5,0,0
16129,0,7,0,0,1,1,0,1,2,1,0
64006,0,1,0,0,0,0,0,3,1,0,0
51845,1,4,0,0,1,2,1,1,5,2,0
30692,1,7,0,0,1,0,1,1,2,0,0
65712,1,1,0,0,0,0,0,1,1,0,0
42161,0,2,0,0,1,0,0,1,3,1,0
16938,0,3,0,0,1,1,1,6,5,2,0
16113,0,4,0,0,1,2,1,2,1,0,0
29388,0,6,0,0,1,0,0,6,3,3,0
65109,1,4,0,0,1,0,0,1,3,3,0
61242,0,3,1,0,1,2,1,2,6,0,0
65252,0,6,0,0,1,2,1,0,2,2,0
49615,0,0,0,0,0,3,0,0,1,0,0
14089,0,4,0,0,1,0,0,1,5,3,0
16987,0,0,0,0,0,3,0,1,0,1,0
53399,1,7,0,0,1,0,1,0,2,0,0
36946,1,7,0,0,1,0,1,1,2,2,0
55522,0,0,0,0,0,3,1,6,0,1,0
27954,0,2,0,0,0,0,0,3,1,0,0
5355,1,6,0,0,1,2,1,6,6,2,0
69069,0,4,0,1,0,0,1,2,2,3,0
11539,0,1,1,0,0,0,0,2,4,3,0
16847,1,4,0,0,0,0,1,2,4,0,0
15873,1,6,0,0,1,0,1,1,3,2,0
15415,1,3,1,1,1,0,0,1,5,0,0
22891,0,3,0,0,1,1,0,1,2,3,0
7394,0,5,1,0,0,0,1,3,2,0,0
29915,0,4,0,0,0,0,1,6,5,0,0
62607,1,1,0,0,0,0,0,1,4,0,0
24404,1,0,0,0,0,3,0,3,3,1,0
69666,0,2,0,0,1,1,0,1,2,0,0
54997,0,5,0,0,1,1,1,1,4,0,0
6199,0,5,0,0,1,2,1,2,3,1,0
4635,0,6,0,0,1,0,1,1,3,0,0
3305,1,6,0,0,1,0,0,5,2,3,0
24342,0,1,0,0,0,0,1,3,2,1,0
65093,0,3,0,0,1,1,0,1,1,2,0
46261,1,5,0,0,1,0,0,1,3,1,0
42624,0,5,0,0,1,0,0,1,3,0,0
24735,0,1,0,0,0,0,1,1,3,1,0
50671,1,7,1,1,1,1,1,5,2,2,0
66680,0,4,1,0,1,0,1,0,4,0,0
65336,0,2,0,0,1,0,0,1,2,2,0
68333,0,5,1,0,0,0,1,5,2,2,0
60210,0,1,0,0,0,0,0,1,5,3,0
67890,1,7,0,1,1,0,0,2,1,2,0
49254,1,5,1,0,1,0,0,1,5,2,0
9199,1,0,0,0,0,1,0,1,3,2,0
35402,1,0,0,0,0,0,0,1,1,2,0
25996,0,2,0,0,1,0,0,1,1,1,0
8345,0,4,0,0,1,0,1,3,1,0,0
8770,1,1,0,0,0,1,0,1,4,0,0
22370,1,3,1,0,0,2,0,3,3,3,0
25930,1,3,0,0,1,0,0,0,3,2,0
33478,0,5,0,0,0,0,1,1,2,3,0
23009,1,4,0,0,1,0,0,1,2,0,0
24885,1,7,0,1,1,1,0,1,5,3,0
58591,0,1,0,0,0,0,1,4,1,1,0
44777,1,6,0,0,1,0,1,6,2,1,0
46363,1,3,0,0,1,0,1,0,2,0,0
36377,0,4,0,0,1,0,1,6,4,0,0
15440,0,3,0,0,1,0,1,3,1,3,0
56420,1,1,1,0,0,0,1,0,7,1,0
39531,1,4,1,0,1,0,1,6,5,2,0
55220,1,5,0,0,1,0,0,1,2,0,0
30731,0,3,0,0,0,1,0,1,1,0,0
14479,0,7,0,1,1,0,0,5,2,2,0
40471,0,1,0,0,0,0,0,1,0,1,0
7384,1,5,0,0,0,1,1,1,4,1,0
53422,1,5,0,0,1,0,1,5,2,3,0
59745,0,2,0,0,1,0,0,1,6,1,0
24721,1,1,0,0,0,0,0,1,1,1,0
9644,1,7,0,0,1,0,0,1,1,2,0
50837,1,3,0,0,1,1,1,1,3,2,0
67941,0,2,0,0,0,1,1,0,3,2,0
43590,0,2,0,0,1,0,1,0,0,0,0
29014,0,1,0,0,1,0,1,1,1,0,0
66051,1,3,0,0,1,1,1,3,3,1,0
70783,0,3,0,0,1,0,0,1,2,3,0
10716,0,4,0,0,1,0,1,2,3,0,0
7868,1,0,0,0,0,3,1,2,0,0,0
58350,0,2,0,0,0,2,1,1,1,0,0
18927,0,0,0,0,0,3,0,1,1,1,0
19550,1,3,0,0,1,0,0,6,4,0,0
31372,0,3,0,0,1,0,1,1,1,1,0
55262,1,1,0,0,1,0,1,1,1,3,0
50238,1,0,0,0,0,3,0,0,0,1,0
2868,0,5,0,0,1,2,1,2,3,1,0
51343,1,0,0,0,0,3,1,0,0,1,0
56324,0,5,0,0,1,1,1,1,3,2,0
42047,0,5,0,0,1,1,0,0,5,0,0
36486,1,0,0,0,0,3,0,0,1,1,0
62456,0,7,0,0,1,1,0,6,4,2,0
64980,0,3,0,0,1,2,0,0,3,0,0
65962,1,4,0,0,1,0,0,0,4,3,0
47521,0,5,1,0,1,2,0,5,2,0,0
41501,0,4,0,0,1,2,0,3,1,1,0
47582,1,0,0,0,0,3,0,0,0,1,0
63938,0,4,0,0,1,1,0,4,5,3,0
49627,0,0,0,0,0,3,0,1,0,0,0
61291,1,2,0,0,1,0,1,5,2,1,0
53032,1,3,0,0,1,0,1,1,3,2,0
45040,1,5,0,0,1,0,0,6,3,2,0
56791,1,0,0,0,0,3,0,5,1,1,0
37320,0,7,0,0,1,0,1,1,1,1,0
72514,1,1,0,0,0,0,1,3,1,0,0
3842,1,7,0,0,1,0,1,1,2,2,0
38143,0,6,1,0,1,0,0,1,3,3,0
54296,1,5,0,0,1,1,1,0,5,2,0
48435,0,0,0,0,0,3,1,5,0,1,0
42212,0,3,0,0,1,0,0,5,3,2,0
47607,1,0,0,0,0,3,1,1,0,1,0
16535,0,2,0,0,0,0,1,1,2,2,0
66677,1,7,0,0,1,0,1,1,1,0,0
57270,0,5,0,0,1,0,1,5,4,0,0
22414,0,1,0,0,0,0,1,1,1,3,0
63401,0,7,0,0,1,1,1,6,3,3,0
32252,0,1,0,0,0,0,1,1,3,1,0
17950,1,5,0,0,1,0,0,1,2,3,0
53990,1,6,0,1,1,0,0,6,3,2,0
20565,1,0,0,0,0,3,1,1,1,1,0
59993,1,3,0,0,1,0,1,0,0,0,0
42830,1,7,0,1,1,0,0,3,3,0,0
34721,0,6,1,0,1,2,0,1,3,0,0
5157,1,7,1,0,1,1,0,1,2,3,0
48851,0,0,0,0,0,3,1,1,0,1,0
23413,0,2,0,0,0,0,0,1,1,0,0
72414,1,1,0,0,0,0,0,4,1,0,0
21374,0,3,0,0,1,0,0,1,2,2,0
69623,1,4,0,0,1,0,0,1,4,0,0
40378,1,4,1,0,1,1,0,1,4,3,0
4671,0,5,0,0,0,0,0,1,2,0,0
17295,0,2,0,0,1,1,0,6,5,3,0
55466,0,6,0,1,1,0,0,5,2,0,0
65419,1,7,0,1,1,2,1,1,2,0,0
34448,0,5,0,0,1,1,0,6,5,0,0
14406,0,7,0,1,1,1,1,2,2,0,0
924,0,6,0,0,1,2,0,1,3,3,0
71339,0,3,0,0,1,2,0,3,2,3,0
31443,0,2,0,0,1,2,0,1,1,1,0
49672,0,6,0,0,1,2,1,4,5,2,0
394,1,7,1,0,1,1,1,1,2,0,0
63362,0,3,0,0,1,0,0,0,4,2,0
59928,0,3,0,0,1,1,1,1,4,2,0
62289,0,2,0,0,1,0,0,1,2,1,0
59464,0,1,0,0,0,0,1,4,1,0,0
18680,1,6,0,0,1,1,0,1,2,2,0
27017,1,2,0,0,0,0,0,1,1,0,0
8277,0,0,0,0,0,3,0,1,1,1,0
14099,0,5,0,0,1,2,0,1,4,1,0
37128,1,2,0,0,1,0,1,4,1,0,0
57774,1,4,0,0,1,0,1,2,2,0,0
64033,1,5,0,1,0,0,0,0,2,0,0
72701,1,0,0,0,0,3,1,3,0,1,0
59130,0,2,0,0,0,0,1,6,2,1,0
48472,1,5,0,0,1,0,1,1,3,2,0
67956,0,7,0,0,1,0,0,1,3,2,0
35602,0,5,0,0,1,2,1,2,1,2,0
13818,0,6,0,0,1,0,1,1,2,0,0
34661,1,4,1,0,1,0,0,5,2,0,0
64895,1,5,1,0,1,1,1,2,4,3,0
21969,1,0,0,0,0,3,0,1,1,1,0
38320,1,4,1,0,1,0,1,4,1,1,0
42040,0,4,0,0,1,2,0,4,5,0,0
31857,0,7,0,0,1,1,1,2,1,3,0
64494,0,2,0,0,1,0,0,4,1,0,0
34764,0,2,0,0,1,0,1,1,5,0,0
20673,1,3,0,0,1,0,1,2,1,0,0
64817,1,3,0,0,1,1,1,1,3,0,0
72450,1,3,0,0,1,0,1,1,3,1,0
13988,0,4,0,0,1,0,1,1,2,0,0
6049,0,0,0,0,0,3,1,1,1,1,0
13380,1,0,0,0,0,3,0,3,1,1,0
64371,0,4,0,0,1,1,1,0,1,3,0
50295,0,4,0,0,1,0,0,0,4,0,0
14404,0,0,0,0,0,3,0,1,1,0,0
58645,0,7,0,0,1,0,1,1,2,0,0
19419,1,0,0,0,0,3,1,1,1,1,0
24518,0,1,0,0,0,0,1,1,2,0,0
53494,0,0,0,0,0,3,1,3,0,1,0
42599,0,7,0,1,1,0,0,2,2,0,0
68370,1,4,0,0,1,0,0,4,2,0,0
57813,0,5,0,0,1,0,0,0,5,0,0
1329,0,3,0,0,0,2,1,2,3,0,0
15255,0,1,0,0,0,0,1,1,2,0,0
65680,1,5,0,1,1,1,0,6,3,2,0
32974,1,6,0,0,1,2,0,0,4,3,0
5863,0,7,0,0,1,0,0,6,2,0,0
10584,1,0,0,0,0,3,0,1,0,1,0
38675,0,1,0,0,0,0,0,4,3,1,0
47600,0,4,0,0,1,0,0,1,2,1,0
48246,1,5,0,0,1,0,0,0,2,2,0
61743,1,2,0,0,0,2,0,3,3,0,0
58086,1,6,0,0,1,0,0,0,3,2,0
53957,1,7,0,0,1,1,0,1,5,2,0
40137,0,5,0,0,1,1,1,3,2,1,0
70500,0,4,0,0,0,0,1,1,4,0,0
35085,0,0,0,0,0,3,1,2,1,1,0
43872,0,7,0,0,1,0,1,0,2,1,0
62951,0,2,0,0,1,0,1,0,3,0,0
43244,0,3,0,0,1,0,1,4,4,0,0
31198,0,6,0,0,1,1,1,4,1,3,0
23223,1,4,0,0,1,0,1,6,4,0,0
38474,1,1,0,0,1,2,0,4,2,0,0
4591,0,7,0,0,1,1,1,3,2,0,0
1451,0,1,0,0,0,0,0,1,1,1,0
37150,0,2,0,0,1,0,1,1,5,2,0
65632,1,3,0,0,1,0,1,4,3,2,0
62834,0,2,0,0,1,0,0,1,1,1,0
21826,1,7,0,0,1,1,1,2,2,2,0
21036,0,4,0,0,1,0,0,4,1,0,0
55566,0,2,0,0,1,0,1,6,5,0,0
46923,1,6,0,1,1,0,1,1,2,0,0
63990,1,5,1,0,1,1,1,5,5,0,0
2860,1,5,0,0,1,0,1,1,2,1,0
15964,0,6,1,0,1,0,1,1,2,0,0
46483,1,1,0,0,0,0,0,1,4,3,0
33284,1,1,0,0,0,0,1,1,1,0,0
61895,0,6,0,0,1,0,1,6,5,0,0
48875,1,0,0,0,0,3,1,5,1,1,0
36589,0,6,0,0,1,1,0,5,1,0,0
28651,1,6,0,0,1,0,0,6,3,3,0
45033,1,5,0,0,1,2,0,6,4,3,0
32166,1,4,1,0,1,0,0,1,1,0,0
34188,0,4,0,0,1,2,0,1,4,2,0
58359,0,7,1,0,1,0,0,4,5,3,0
59347,1,6,0,0,1,0,0,3,3,0,0
12849,0,2,0,0,1,0,0,1,3,1,0
6104,0,0,0,0,0,3,1,1,0,1,0
29694,0,6,0,0,1,0,1,1,1,3,0
30806,1,3,0,0,1,1,0,1,3,2,0
20316,0,7,0,0,1,2,1,6,3,3,0
58253,1,0,0,0,0,3,0,1,0,1,0
39956,0,2,0,0,0,0,1,1,4,1,0
7683,1,4,0,0,1,1,1,6,4,3,0
9197,0,0,0,0,0,3,0,1,1,1,0
58543,0,4,0,0,1,2,0,1,5,2,0
6968,1,0,0,0,0,3,1,3,0,1,0
57549,0,7,0,0,1,1,0,3,3,0,0
59200,1,1,0,0,0,0,0,0,3,0,0
24289,1,7,0,0,1,0,0,1,1,3,0
6206,0,6,0,0,1,1,1,1,2,1,0
28227,0,2,0,0,1,0,0,1,5,3,0
35229,1,5,0,0,1,2,0,1,4,3,0
23176,0,4,1,0,1,0,0,5,3,2,0
3045,1,6,1,0,1,0,0,1,4,0,0
22386,0,5,0,0,1,0,0,3,4,3,0
22108,0,1,0,0,0,0,1,1,2,3,0
55982,0,6,0,0,1,1,0,0,2,3,0
55465,0,2,0,0,1,0,1,0,3,1,0
29258,0,3,0,0,0,0,0,1,1,0,0
38432,0,6,0,0,1,0,0,0,1,2,0
49666,1,4,0,0,1,1,0,1,4,0,0
32365,1,3,0,0,1,0,1,1,6,1,0
15351,1,3,0,0,1,0,1,1,3,2,0
61000,0,6,0,1,0,0,0,5,5,3,0
77,0,0,0,0,0,3,1,1,1,1,0
17466,1,7,0,0,0,2,1,1,3,3,0
57569,1,4,0,0,1,0,1,2,3,2,0
9026,0,7,1,0,1,1,0,5,1,0,0
54590,0,1,0,0,0,0,1,0,3,0,0
54301,1,5,0,0,1,0,1,6,4,3,0
52554,1,1,0,0,0,0,1,0,1,1,0
10649,0,7,0,0,1,0,0,1,3,0,0
28258,0,7,0,0,1,1,0,1,2,1,0
12557,0,1,0,0,0,1,0,1,2,0,0
2846,0,4,0,0,1,0,1,1,1,2,0
61219,0,0,0,0,0,4,0,4,1,0,0
65321,1,0,0,0,0,3,1,0,0,1,0
23946,0,0,0,0,0,3,1,1,1,1,0
56312,1,4,0,0,0,0,1,3,1,0,0
20256,1,2,0,0,1,0,0,1,2,0,0
26993,0,3,0,0,1,0,1,1,3,2,0
58599,0,6,0,0,1,0,1,0,2,2,0
27849,0,0,0,0,0,3,0,3,0,1,0
33367,1,1,0,0,0,0,1,1,2,0,0
61764,0,6,0,0,1,0,1,1,2,3,0
13620,0,7,0,0,1,1,0,2,1,3,0
39308,1,6,0,0,1,0,0,4,3,1,0
34336,1,4,1,0,1,2,1,1,2,3,0
1505,1,7,0,1,1,1,1,2,4,2,0
31887,0,2,0,0,1,0,0,2,1,1,0
60258,0,7,0,1,1,1,1,1,1,3,0
63450,0,6,0,0,1,1,1,4,3,3,0
35178,1,0,0,0,0,3,0,1,1,1,0
3099,0,3,0,0,0,0,0,6,3,1,0
43903,1,7,0,0,1,1,1,1,3,1,0
9013,0,2,0,0,1,0,1,1,1,2,0
60158,0,2,0,0,0,0,1,1,2,1,0
15579,1,7,0,0,1,1,1,1,4,2,0
8563,0,0,0,0,0,3,1,1,1,1,0
61573,1,1,0,0,0,0,1,0,1,3,0
43827,0,2,0,0,1,0,0,5,2,3,0
43090,0,6,1,0,1,1,1,1,3,0,0
46068,1,5,0,0,0,1,1,5,3,1,0
12469,0,2,0,0,1,0,0,1,5,0,0
58820,1,5,0,0,1,0,1,1,2,2,0
31893,0,2,0,0,1,0,1,1,1,1,0
45259,1,4,0,0,1,0,1,3,3,1,0
63779,0,1,0,0,0,0,1,1,2,1,0
71250,0,2,0,0,1,0,1,0,2,0,0
55051,1,2,0,0,1,0,1,0,2,0,0
2520,0,2,0,0,1,0,1,1,2,0,0
3715,1,5,0,0,1,0,1,6,2,1,0
21206,0,2,0,0,0,0,1,1,2,3,0
60159,0,2,0,0,0,2,1,3,2,0,0
3113,0,2,0,0,0,0,1,1,2,2,0
62126,0,1,1,0,0,0,1,0,2,0,0
51275,0,0,0,0,0,3,0,0,1,1,0
3115,0,0,0,0,0,3,0,3,0,1,0
9986,0,6,0,0,1,0,0,1,1,1,0
35974,0,1,0,0,0,0,1,1,0,1,0
46488,1,2,0,0,1,0,1,0,5,0,0
54172,0,3,0,0,1,0,0,4,5,1,0
21804,0,1,0,0,0,0,0,1,4,1,0
50402,0,7,0,0,1,0,0,6,2,2,0
36317,0,3,0,0,1,0,1,4,2,3,0
3724,0,4,0,0,1,2,0,1,2,0,0
69668,0,2,0,0,1,1,1,3,5,0,0
59274,0,2,0,0,1,2,1,1,4,3,0
29676,1,4,0,0,0,0,0,1,2,1,0
37655,1,4,0,0,1,0,1,1,5,1,0
16980,0,6,0,0,0,0,1,0,4,0,0
40213,1,2,0,0,0,0,1,1,3,3,0
47831,1,6,1,0,0,0,0,0,3,0,0
40977,1,4,0,0,1,0,1,3,1,1,0
39129,1,5,0,0,1,2,1,1,1,0,0
40837,1,5,0,0,1,2,0,3,2,0,0
59000,0,3,0,0,1,2,0,0,2,1,0
44510,0,5,0,0,1,0,1,4,2,0,0
3793,1,0,0,0,0,0,0,1,5,0,0
32215,0,3,0,0,0,0,0,3,2,0,0
35296,0,5,0,0,1,0,1,2,4,3,0
69502,0,5,1,0,1,0,0,5,2,3,0
67620,1,2,0,0,1,2,1,0,2,3,0
27664,0,4,0,0,1,0,0,1,2,3,0
49555,0,2,0,0,1,2,0,1,3,0,0
16812,0,7,0,1,1,1,1,6,1,1,0
63665,0,2,0,0,1,0,0,0,2,3,0
68141,0,5,0,0,1,0,1,0,1,2,0
33674,0,4,0,0,1,0,0,2,1,3,0
30432,1,6,1,0,1,1,0,3,4,0,0
10886,0,0,0,0,0,3,1,1,1,1,0
62629,1,3,1,0,1,0,0,5,3,0,0
67758,1,0,0,0,0,3,0,3,1,1,0
41244,0,0,0,0,0,3,0,1,0,1,0
50309,0,3,0,0,0,2,1,1,1,0,0
6480,1,6,0,0,0,2,0,1,3,0,0
27007,1,0,0,0,0,1,0,5,2,1,0
63912,0,7,0,0,1,2,1,5,3,2,0
37483,1,3,0,0,1,0,0,1,1,3,0
29855,0,0,0,0,0,3,0,1,1,1,0
22136,1,7,1,1,0,1,0,1,3,3,0
66637,0,4,0,0,1,2,0,3,1,0,0
2244,1,4,0,0,1,0,0,1,3,0,0
22259,1,0,0,0,0,3,1,1,1,1,0
19088,1,0,0,0,0,3,0,2,1,1,0
61010,0,6,0,0,1,0,0,3,3,3,0
49574,0,5,0,0,1,0,1,6,1,3,0
12336,0,7,0,0,1,1,0,1,1,0,0
3668,0,6,0,0,1,2,0,1,6,3,0
6034,0,2,0,0,1,1,1,1,2,1,0
61418,1,0,0,0,0,3,1,3,1,1,0
68725,0,7,0,0,1,0,0,1,2,0,0
464,1,4,0,0,1,0,1,1,1,0,0
42225,0,7,0,0,1,1,0,0,5,0,0
51254,0,6,0,0,0,0,0,1,3,0,0
59164,0,1,0,0,0,0,0,1,1,1,0
70429,0,2,0,0,1,0,0,1,5,0,0
54253,1,0,0,0,0,3,0,4,0,2,0
47937,0,5,0,0,1,1,1,1,4,0,0
66882,0,1,0,0,0,2,0,4,1,0,0
7411,1,7,0,0,1,0,0,6,3,2,0
39593,0,3,0,0,1,0,0,1,4,3,0
6239,0,0,0,0,0,0,1,6,1,0,0
35378,0,6,1,0,0,0,0,1,5,3,0
54012,0,0,0,0,0,3,0,1,0,1,0
69835,0,5,0,0,1,0,1,4,3,0,0
44591,1,7,0,0,1,0,0,6,3,0,0
4709,0,6,0,0,1,0,1,2,3,1,0
20393,0,6,1,0,1,0,0,1,3,0,0
27626,0,6,0,0,0,2,1,7,2,0,0
45864,0,3,0,0,0,0,1,0,3,0,0
68685,1,3,0,0,1,2,0,0,3,2,0
28711,0,2,0,0,0,0,0,1,1,3,0
44962,1,7,0,0,1,2,0,0,1,1,0
7892,1,7,0,0,1,0,0,1,2,2,0
11744,1,7,0,0,1,1,0,1,2,1,0
12279,1,7,0,0,1,0,0,6,2,1,0
20740,0,4,0,0,1,1,1,1,2,0,0
58257,1,0,0,0,0,3,0,0,1,1,0
559,0,5,0,0,1,0,0,1,3,2,0
13728,1,0,0,0,0,3,1,1,0,1,0
4400,0,3,0,0,1,0,0,0,1,0,0
68524,0,3,0,0,1,0,0,2,2,0,0
65643,0,0,0,0,0,3,0,5,0,1,0
30186,0,0,0,0,0,3,0,1,0,1,0
11904,1,0,0,0,0,3,1,3,2,1,0
2822,0,2,0,0,1,0,1,1,2,0,0
18072,0,3,0,0,1,2,0,2,1,1,0
34896,0,1,0,0,0,0,1,1,5,0,0
53328,0,0,0,0,0,0,1,1,1,2,0
28303,0,5,0,0,1,1,1,6,3,0,0
44325,1,7,0,0,1,1,1,4,1,3,0
8579,0,0,0,0,0,3,1,1,0,1,0
29229,1,2,0,0,1,0,0,1,2,3,0
3761,0,4,0,0,1,1,1,1,1,0,0
65324,0,4,0,0,1,2,1,1,2,1,0
7658,1,6,0,0,1,2,1,6,3,2,0
34383,1,4,0,0,1,0,0,1,2,1,0
8646,0,5,0,0,1,0,1,1,2,0,0
46653,0,7,1,1,1,0,1,0,2,0,0
1099,0,1,0,0,0,3,1,2,1,1,0
61676,1,7,0,0,1,1,0,0,2,1,0
38131,0,5,0,0,1,1,1,0,1,0,0
61848,0,4,0,0,1,0,0,3,2,0,0
4949,1,4,0,0,1,0,1,1,4,0,0
46688,0,4,0,0,0,0,0,4,2,3,0
30491,0,3,0,0,1,0,0,1,2,0,0
43478,1,2,0,0,1,0,0,0,2,2,0
25443,1,4,0,0,0,0,0,5,2,3,0
52519,1,6,0,0,1,0,1,0,3,1,0
24361,0,3,0,0,1,0,0,1,5,0,0
29514,0,3,0,0,1,0,1,1,2,2,0
35893,1,2,0,0,0,0,0,3,4,2,0
58568,0,5,0,0,1,0,1,4,3,3,0
63303,1,2,0,0,0,0,0,1,2,3,0
70625,1,1,0,0,0,0,0,1,1,1,0
18820,1,2,0,0,0,0,1,2,1,0,0
64029,1,5,1,0,1,0,0,5,1,3,0
72703,0,5,0,0,1,0,0,1,2,2,0
11394,1,7,0,1,1,0,1,1,3,2,0
12298,1,2,0,0,0,1,0,6,3,2,0
70845,1,7,0,1,1,0,1,0,2,3,0
44494,0,3,0,0,1,0,1,1,2,3,0
30953,1,7,1,1,1,0,1,6,3,1,0
47861,1,7,0,0,1,0,0,5,2,1,0
13465,0,1,0,0,0,0,1,1,2,3,0
62454,0,0,0,0,0,3,0,0,1,2,0
52593,1,7,0,1,1,0,0,4,2,2,0
91,0,3,0,0,0,0,0,1,1,0,0
45469,1,1,0,0,0,3,1,4,3,1,0
41284,1,0,0,0,0,3,1,0,1,1,0
45627,1,6,0,0,1,0,1,1,2,2,0
4174,0,4,1,0,1,0,0,1,5,0,0
31660,1,1,0,0,0,0,1,1,3,1,0
36196,1,1,0,0,0,0,1,1,4,3,0
19769,0,6,0,0,1,1,1,1,1,2,0
8341,1,0,0,0,0,3,1,1,1,0,0
42172,0,1,0,0,1,1,1,0,2,0,0
14372,1,4,0,0,1,1,0,5,5,0,0
15251,1,0,0,0,0,3,0,2,1,0,0
67800,0,0,0,0,0,3,1,1,1,1,0
10416,1,7,0,1,1,0,0,6,4,3,0
19504,0,6,0,0,1,0,1,1,6,1,0
7476,1,2,0,0,0,2,1,1,3,0,0
55526,1,4,0,0,1,2,0,0,4,0,0
452,1,4,1,0,1,0,0,5,4,3,0
55790,0,4,0,0,1,0,0,2,3,2,0
38541,1,5,0,0,1,0,0,1,3,2,0
23748,0,2,0,0,1,0,0,1,1,0,0
18790,1,1,0,0,0,0,0,1,3,2,0
45751,1,7,1,0,1,1,1,6,4,0,0
72369,0,0,0,0,0,3,1,0,1,1,0
7171,0,5,0,0,1,2,0,2,6,1,0
52826,1,6,0,0,1,0,1,0,3,1,0
42556,1,2,0,0,1,0,0,4,2,0,0
507,0,2,0,0,1,0,1,1,1,3,0
56746,1,4,1,0,1,0,0,0,3,0,0
54072,0,0,0,0,0,3,0,1,1,0,0
49760,0,6,0,0,1,0,1,1,2,0,0
61821,0,5,0,0,1,0,1,3,2,1,0
65481,1,5,0,0,1,0,0,1,2,0,0
6174,0,2,0,0,0,0,0,1,5,0,0
68224,1,5,0,0,1,0,1,6,4,2,0
61559,1,0,0,0,0,3,0,1,0,1,0
65564,0,4,0,0,1,0,0,0,6,2,0
18890,1,6,1,0,1,0,1,1,3,0,0
58936,1,5,0,0,1,0,1,6,5,1,0
67667,0,7,1,0,1,1,1,3,3,0,0
68138,1,4,0,0,1,0,0,1,4,0,0
50363,0,7,1,0,1,0,1,0,2,2,0
4740,0,1,0,0,0,0,0,1,3,0,0
39683,1,2,0,0,0,0,1,1,2,1,0
49903,1,2,0,0,0,0,0,1,4,0,0
63457,0,7,0,1,0,1,0,3,1,0,0
18595,0,7,0,0,1,0,0,1,4,0,0
64912,0,5,0,0,1,1,1,6,5,3,0
69510,1,3,0,0,1,0,1,3,2,0,0
29872,0,2,0,0,1,0,0,1,2,0,0
67243,0,7,0,1,1,0,0,6,2,0,0
3494,0,7,0,0,1,0,1,2,2,1,0
37307,0,2,0,0,1,0,0,0,6,0,0
41175,0,1,0,0,0,2,0,3,1,1,0
48303,1,3,0,0,1,0,1,1,3,0,0
31473,1,0,0,0,0,3,1,1,0,1,0
31402,0,6,0,0,1,1,1,2,4,0,0
18996,0,0,0,0,0,3,0,2,0,1,0
2573,1,5,0,0,1,2,1,1,3,1,0
60683,1,5,0,1,1,2,0,1,3,0,0
70537,1,0,0,0,0,3,1,1,1,1,0
63193,0,4,0,0,1,0,1,1,2,1,0
12228,1,0,0,0,0,3,1,1,1,0,0
58107,0,5,0,0,1,0,1,1,3,1,0
28647,0,2,0,0,1,0,0,1,2,0,0
57086,0,5,0,0,1,0,0,4,2,0,0
5505,0,7,0,0,1,0,0,5,1,0,0
44112,0,4,0,0,1,1,0,6,3,2,0
56645,0,7,0,0,1,2,1,1,3,2,0
16652,0,6,0,0,1,1,0,1,0,2,0
32445,0,7,0,0,1,1,0,1,1,2,0
18752,1,6,0,0,1,0,1,1,2,2,0
35152,1,0,0,0,0,3,0,1,0,1,0
70081,1,3,1,0,1,1,1,1,5,1,0
72340,1,1,0,0,0,0,0,3,2,2,0
67112,0,5,0,0,1,0,1,1,5,0,0
42323,1,5,0,0,1,2,1,6,3,0,0
35022,0,6,0,0,1,0,0,3,4,3,0
21625,0,1,0,0,1,0,0,1,1,1,0
49972,1,6,0,0,1,1,1,6,3,0,0
44142,1,1,0,0,0,0,1,1,2,0,0
364,0,5,0,0,1,0,0,2,2,2,0
59669,0,2,0,0,1,0,1,0,1,1,0
69900,0,4,0,0,1,2,0,0,1,3,0
12753,1,5,0,0,1,0,0,1,2,0,0
10273,0,3,0,0,1,0,1,1,1,1,0
30824,1,0,0,0,0,3,1,3,1,1,0
587,0,0,0,0,0,3,1,1,1,1,0
55856,0,6,0,0,1,0,1,1,2,3,0
47196,1,3,0,0,1,0,1,3,3,2,0
67724,0,6,0,0,1,0,1,1,4,1,0
23488,1,7,1,0,1,1,0,6,3,2,0
2849,1,2,0,0,1,0,0,1,3,1,0
12134,0,5,0,0,1,2,1,1,3,3,0
24058,0,4,0,0,1,2,1,1,2,0,0
15117,0,1,0,0,0,0,1,1,1,3,0
72915,0,4,0,0,1,0,0,5,5,2,0
13116,1,4,0,0,1,0,0,1,2,0,0
48146,1,6,0,1,1,0,1,1,5,2,0
72819,0,7,0,0,1,1,0,6,1,0,0
20070,1,1,0,0,0,0,0,1,1,1,0
8778,0,7,0,0,1,1,1,1,2,2,0
13764,0,7,0,0,1,0,0,3,3,0,0
2005,1,7,0,1,1,1,0,5,1,2,0
8616,0,4,0,0,1,0,1,0,1,3,0
51524,0,2,0,0,1,0,1,1,3,1,0
50541,1,4,0,0,1,2,0,1,3,3,0
21971,0,5,0,0,1,2,1,5,2,0,0
32183,0,6,0,0,1,0,1,0,4,0,0
30145,0,6,0,0,1,0,1,1,1,1,0
30482,0,1,0,0,0,0,1,2,1,3,0
30790,0,7,1,0,1,2,0,1,5,0,0
63337,0,3,0,0,1,0,1,0,5,3,0
66264,1,2,0,0,1,2,0,2,2,3,0
641,1,5,0,0,1,2,1,1,5,3,0
42412,0,1,0,0,0,0,0,4,2,1,0
65693,1,6,0,0,1,2,1,0,2,1,0
3746,0,6,0,0,1,0,0,1,2,0,0
71304,1,0,0,0,0,3,0,2,1,1,0
34935,0,1,0,0,0,2,0,1,0,0,0
29173,1,5,0,0,1,2,0,0,2,3,0
26474,0,4,0,0,1,2,0,1,3,1,0
56857,1,4,1,0,1,2,0,1,3,2,0
13529,0,3,0,0,1,2,1,4,2,0,0
61979,0,6,0,0,1,2,0,2,3,3,0
70886,0,0,0,0,0,3,1,3,3,1,0
27693,0,1,0,0,0,3,0,3,2,1,0
59762,1,6,0,0,1,0,0,6,0,1,0
57308,1,1,0,0,0,0,0,1,1,0,0
3701,0,0,0,0,0,3,0,1,0,1,0
61339,1,4,0,0,1,1,0,1,2,0,0
24965,0,1,0,0,0,2,1,2,1,3,0
33952,1,6,1,0,1,0,0,1,2,2,0
39042,1,0,0,0,0,3,0,1,1,1,0
43039,0,6,0,0,1,0,1,4,2,2,0
59915,0,5,0,0,0,0,0,4,2,0,0
4727,0,2,0,0,1,2,1,1,3,2,0
16481,0,1,0,0,0,2,1,1,1,1,0
15018,0,1,0,0,0,2,0,1,2,2,0
49702,0,7,0,0,1,1,1,2,2,2,0
48017,1,5,0,0,1,0,0,0,2,0,0
15313,0,6,1,0,1,2,0,6,3,2,0
22231,1,5,0,0,1,0,0,5,2,0,0
45461,0,6,0,0,1,0,0,1,3,1,0
30678,0,4,0,0,1,0,0,1,3,2,0
57904,1,1,0,0,0,0,0,5,1,0,0
67483,1,2,1,0,1,0,0,4,5,0,0
5646,0,0,0,0,0,3,1,1,0,1,0
67911,1,7,0,0,0,1,1,6,4,2,0
16856,0,6,0,0,1,0,1,1,1,1,0
37972,0,5,0,0,1,0,1,0,0,1,0
62414,1,7,1,0,1,1,0,5,2,1,0
50485,1,5,0,0,1,0,1,6,3,3,0
47405,0,0,0,0,0,3,1,2,1,1,0
70928,1,3,0,0,1,2,0,1,3,1,0
4679,0,3,0,0,1,0,1,2,1,3,0
15070,1,7,0,1,1,0,1,6,1,0,0
25625,0,4,0,0,0,0,1,2,3,3,0
20165,0,7,0,0,1,0,0,7,3,0,0
41730,0,4,0,0,0,2,1,3,1,1,0
38761,0,4,0,0,1,0,0,0,1,0,0
4797,0,5,0,0,1,0,0,1,2,1,0
30402,1,3,0,0,1,0,0,2,3,1,0
25088,0,3,0,0,0,0,1,6,2,2,0
54756,0,5,0,0,1,0,1,0,3,2,0
19590,1,4,0,0,1,2,0,1,3,0,0
23332,0,3,0,0,1,0,1,1,3,0,0
16971,0,2,0,0,0,0,0,2,4,0,0
11727,1,3,0,0,1,1,0,1,2,3,0
60255,0,2,0,0,0,0,1,2,5,3,0
38796,0,5,0,0,1,0,0,1,1,2,0
46498,0,5,0,0,1,0,0,6,4,0,0
35069,0,4,1,1,0,2,0,1,2,3,0
61103,0,6,1,0,1,1,0,5,3,0,0
25095,1,4,0,0,1,2,0,1,2,2,0
55607,1,3,0,0,1,0,0,2,2,2,0
63029,1,2,0,0,1,0,1,3,3,0,0
2919,1,1,0,0,0,0,1,1,0,1,0
60003,1,7,0,0,1,2,1,1,2,0,0
46256,1,1,0,0,0,0,0,1,1,1,0
23659,0,0,0,0,0,3,0,1,1,1,0
2952,1,6,1,1,1,0,1,1,4,0,0
49229,1,5,0,0,0,2,1,1,4,2,0
2457,0,6,0,1,1,1,1,1,2,2,0
23508,0,1,0,0,0,4,1,1,3,0,0
28364,1,6,0,0,1,0,0,1,2,2,0
31360,0,2,0,0,0,0,0,1,6,3,0
19335,1,5,0,0,1,1,1,1,4,3,0
40390,0,0,0,0,0,3,1,4,2,0,0
63936,0,2,0,0,0,0,0,0,4,2,0
24832,0,6,0,0,1,1,0,1,3,2,0
25219,0,1,0,0,0,0,0,2,1,3,0
42393,1,0,0,0,0,3,1,4,0,0,0
17951,1,2,0,0,0,1,1,3,2,3,0
17443,0,5,0,0,1,0,0,1,2,0,0
52242,0,5,1,0,1,2,1,0,3,0,0
45931,1,0,0,0,0,3,0,4,1,1,0
7828,1,5,1,0,1,1,0,5,3,3,0
21547,0,4,0,0,1,2,0,1,4,2,0
42305,0,3,0,0,0,0,1,2,2,0,0
9442,1,5,0,0,1,1,1,5,2,0,0
57047,0,3,0,0,1,0,0,3,3,3,0
28461,1,1,0,0,0,4,1,1,2,1,0
16433,0,3,0,0,1,0,1,2,2,0,0
50681,0,3,0,0,1,0,1,1,2,2,0
71327,0,4,0,0,0,0,1,4,1,0,0
46699,0,1,0,0,0,0,1,1,3,1,0
25248,1,1,0,0,0,0,1,1,2,1,0
35315,1,6,0,0,1,1,0,1,2,0,0
63144,1,1,0,0,0,2,0,3,2,0,0
21517,1,5,0,0,1,0,0,1,2,3,0
29789,0,4,0,0,1,0,1,3,2,0,0
52207,0,5,0,0,1,1,0,1,2,2,0
19209,0,4,0,0,1,2,1,7,4,2,0
58153,0,1,0,0,0,0,0,3,1,0,0
27717,0,5,0,0,1,1,0,3,2,1,0
35106,1,0,0,0,0,3,0,1,0,1,0
47730,0,3,0,0,0,0,0,1,2,0,0
20657,0,6,0,0,1,0,0,6,3,1,0
63411,0,6,0,0,1,0,1,1,3,1,0
18671,0,4,0,0,1,2,1,3,4,0,0
3843,0,1,0,0,0,0,0,1,1,0,0
1225,1,3,0,0,1,0,0,1,4,2,0
40264,0,1,0,0,0,0,1,1,1,1,0
72451,0,4,0,0,1,0,1,0,3,1,0
20292,0,1,0,0,1,0,0,1,7,0,0
31201,0,7,0,0,0,1,0,1,3,0,0
59359,1,7,0,0,1,1,0,2,2,0,0
57985,0,2,0,0,1,0,0,1,2,2,0
59743,1,6,0,1,1,1,1,0,4,2,0
11544,0,2,0,0,1,0,0,1,3,0,0
11969,0,4,0,0,1,1,0,3,2,2,0
42929,0,5,0,0,1,1,1,0,2,2,0
72776,1,2,0,0,1,2,0,1,2,2,0
21438,0,4,0,0,1,0,1,1,2,1,0
51084,0,7,0,0,1,0,0,0,1,2,0
13440,1,0,0,0,0,3,0,2,1,1,0
15533,1,4,0,0,0,0,0,2,2,2,0
50903,0,2,0,0,1,0,0,3,1,0,0
35276,0,0,0,0,0,3,1,1,1,1,0
44472,1,2,0,0,1,1,0,5,1,3,0
23587,0,1,0,0,0,4,0,1,2,0,0
66794,0,4,0,0,1,2,1,1,3,0,0
35854,0,1,0,0,0,0,0,1,0,0,0
60907,1,4,0,0,1,0,1,4,4,1,0
12449,0,2,0,0,1,0,1,3,2,1,0
54371,1,7,0,0,1,2,0,4,2,2,0
8106,0,3,0,0,1,0,1,1,2,3,0
61785,0,3,0,0,0,0,1,5,3,3,0
2707,1,0,0,0,0,3,1,0,0,1,0
49120,0,3,0,0,1,2,1,0,1,1,0
30752,0,3,0,0,0,1,0,1,3,0,0
64972,1,4,0,0,1,0,1,0,3,3,0
49537,1,0,0,0,0,0,1,2,1,0,0
315,1,4,0,0,1,0,1,0,4,0,0
62814,1,5,0,0,0,0,1,1,5,2,0
7665,0,7,0,0,1,0,1,1,3,1,0
28108,0,6,0,0,1,0,1,1,2,1,0
50536,0,6,0,1,1,2,0,3,2,0,0
8655,0,4,0,1,1,1,0,2,3,0,0
47501,0,5,0,0,1,0,0,0,5,0,0
16863,0,0,0,0,0,3,1,2,0,1,0
51342,0,6,0,0,1,2,1,1,3,1,0
35759,0,1,0,0,0,0,1,1,1,1,0
17270,0,5,0,0,1,0,0,1,3,3,0
53862,0,3,0,0,1,2,1,2,2,0,0
56976,0,3,0,0,1,0,0,1,4,1,0
37299,1,5,0,0,1,0,0,2,2,0,0
33247,1,1,0,0,0,0,1,1,2,3,0
32560,0,0,0,0,0,3,1,1,0,1,0
10973,1,3,0,0,1,0,0,1,3,0,0
3816,1,6,0,0,1,0,1,1,2,2,0
50215,1,3,0,0,0,2,1,0,6,0,0
69665,0,6,0,0,1,0,1,0,2,0,0
14976,1,7,0,1,1,0,1,1,2,3,0
28183,0,0,0,0,0,3,0,1,1,1,0
33085,0,1,0,0,0,0,1,2,1,0,0
13386,0,7,0,1,1,1,1,1,2,1,0
15601,0,4,0,0,1,0,0,1,3,3,0
22254,0,7,0,0,1,0,1,3,1,1,0
15539,0,3,0,0,1,0,1,1,2,0,0
58235,1,7,0,0,1,0,0,0,2,3,0
21162,0,7,0,0,1,1,1,1,1,1,0
67880,1,0,0,0,0,3,0,4,1,1,0
48359,0,3,0,0,1,0,1,4,2,3,0
54815,0,4,0,0,1,0,0,3,2,2,0
6233,1,6,1,0,1,1,1,3,2,3,0
52225,1,1,0,0,0,0,0,1,4,3,0
50463,0,3,0,0,1,0,0,1,5,3,0
49084,1,1,0,0,0,0,0,0,1,1,0
61889,1,2,0,0,1,0,0,0,2,0,0
25525,1,2,0,0,1,0,0,1,3,1,0
9730,1,2,0,0,1,0,0,1,1,0,0
30622,0,4,0,0,1,2,1,3,1,0,0
26480,1,1,0,0,0,0,1,2,5,0,0
65895,0,5,0,0,1,0,0,1,7,1,0
4913,0,5,0,0,1,0,1,1,2,0,0
20676,1,2,0,0,0,0,1,1,2,3,0
52410,0,1,0,0,0,0,0,4,1,1,0
57944,0,2,0,0,1,2,1,0,1,3,0
20290,0,0,0,0,0,3,1,1,0,1,0
10875,1,6,0,0,1,0,1,5,4,0,0
2393,1,5,1,0,1,0,1,1,2,2,0
66464,1,6,0,0,1,0,0,6,4,2,0
40548,1,5,0,0,1,0,1,6,4,0,0
19699,0,4,0,0,0,0,0,1,1,0,0
205,0,3,0,0,1,0,1,1,4,1,0
54805,0,2,0,0,0,1,0,1,1,1,0
53195,1,2,0,0,0,0,0,4,3,0,0
9107,0,0,0,0,0,3,1,1,0,1,0
58833,1,0,0,0,0,0,1,0,0,1,0
4309,0,1,0,0,1,0,1,2,4,1,0
55462,1,0,0,0,0,3,0,3,0,1,0
51746,0,3,0,0,1,2,1,0,2,0,0
59335,1,3,0,0,1,2,1,0,2,3,0
65644,1,0,0,0,0,3,0,0,0,1,0
52790,0,2,0,0,0,2,0,3,4,0,0
42681,0,5,0,0,1,2,1,1,4,2,0
33697,1,5,0,0,1,0,1,1,3,0,0
51963,1,5,0,0,1,0,0,0,2,0,0
13375,1,7,0,0,1,0,0,5,3,0,0
59454,0,7,0,0,1,1,0,1,2,2,0
23600,1,2,0,0,1,0,1,1,3,3,0
61245,1,7,0,0,1,1,1,1,2,0,0
53489,1,0,0,0,0,3,1,1,0,0,0
42284,1,7,1,0,1,1,1,1,2,1,0
69089,0,3,0,0,1,0,1,1,3,3,0
68970,0,1,0,0,0,0,0,1,1,1,0
11327,0,7,0,0,1,1,0,1,2,2,0
5464,1,2,0,0,1,0,1,1,3,1,0
56995,0,7,0,0,1,0,0,1,2,0,0
45139,0,7,0,1,1,0,1,6,3,0,0
38354,0,6,0,0,1,1,0,1,1,1,0
15566,1,3,0,0,1,0,1,1,1,3,0
4793,0,6,1,0,1,1,0,1,5,2,0
59223,1,4,0,0,1,0,0,0,4,2,0
30927,1,1,0,0,0,0,1,1,1,2,0
966,0,6,1,0,1,1,1,2,3,0,0
62923,0,1,0,0,0,0,0,1,1,1,0
30627,0,5,0,0,1,2,0,1,1,1,0
17236,0,0,0,0,0,3,0,0,0,1,0
27566,1,6,0,0,1,0,1,6,5,1,0
6368,1,7,0,1,1,0,0,1,2,2,0
33876,1,0,0,0,0,3,0,1,0,1,0
52164,1,2,0,0,1,0,0,5,5,0,0
32446,0,4,0,0,1,0,1,1,2,0,0
56855,1,4,0,0,1,0,0,4,2,0,0
43837,1,2,0,0,1,0,0,2,6,3,0
33976,1,5,0,0,1,0,0,0,2,0,0
31019,0,5,0,0,1,0,0,1,2,0,0
4699,1,4,0,0,0,2,1,3,2,2,0
60276,1,7,1,1,1,1,1,2,2,0,0
24420,1,6,0,0,1,0,1,2,1,1,0
28478,0,2,0,0,1,0,0,1,5,0,0
63236,1,6,0,0,1,0,0,1,5,3,0
6324,1,4,0,0,1,0,1,2,1,2,0
62059,1,6,0,0,1,0,1,0,3,0,0
28400,1,6,0,0,1,1,0,1,2,0,0
5841,0,1,0,0,0,0,0,1,1,0,0
5681,1,4,0,0,1,0,1,3,4,3,0
16587,0,1,0,0,0,0,0,3,3,0,0
3477,0,2,0,0,0,0,1,1,1,0,0
23890,0,4,1,0,1,2,1,2,4,0,0
34068,0,1,0,0,1,2,0,1,3,2,0
60145,0,3,0,0,1,0,0,1,2,0,0
11702,0,1,0,0,0,4,0,1,1,1,0
50508,0,6,0,1,1,1,1,6,3,3,0
65473,1,1,0,0,0,0,0,0,1,3,0
51257,1,2,0,0,0,0,1,1,1,0,0
47810,1,0,0,0,0,3,1,2,2,1,0
38737,1,7,0,0,1,1,0,0,1,3,0
39060,0,3,0,0,1,0,0,1,1,0,0
56804,0,2,0,0,0,2,0,0,1,0,0
45099,1,1,0,0,1,1,0,1,3,1,0
22221,0,2,0,0,1,1,0,0,2,0,0
57134,1,1,0,0,0,3,0,3,1,0,0
6132,1,0,0,0,0,3,0,2,1,1,0
31600,0,2,0,0,0,0,1,2,3,2,0
51497,1,2,0,0,1,1,0,5,1,0,0
48455,0,3,0,0,1,0,0,0,1,1,0
13049,0,4,0,0,1,0,1,3,3,0,0
9079,0,7,0,1,1,1,0,6,4,2,0
68568,0,7,0,0,1,1,1,0,1,0,0
72867,1,1,0,0,0,0,1,1,1,1,0
53121,1,4,0,0,1,0,0,0,4,0,0
33779,1,4,0,1,1,2,0,1,3,2,0
52367,1,4,0,0,1,0,0,0,1,2,0
29314,0,7,1,1,1,2,0,0,3,2,0
18366,0,2,0,0,1,1,1,1,2,1,0
32522,1,1,0,0,0,0,0,2,1,1,0
3980,0,2,0,0,0,0,1,1,1,0,0
5350,0,3,0,0,1,0,1,2,2,0,0
3428,0,6,0,0,1,1,0,1,2,0,0
62552,0,0,0,0,0,3,1,1,1,1,0
51085,0,1,0,0,0,0,0,5,4,0,0
60586,0,6,0,0,1,0,1,1,2,2,0
59988,0,2,1,0,1,0,0,2,3,3,0
34122,0,1,0,0,0,0,0,1,2,3,0
11392,1,7,0,0,1,0,1,1,2,3,0
53632,1,2,0,0,0,2,0,1,1,1,0
32202,1,5,0,0,1,0,1,1,2,3,0
52489,0,1,0,0,0,0,0,1,1,1,0
13374,1,4,0,0,1,0,0,2,1,0,0
66370,0,0,0,0,0,3,1,0,0,1,0
259,1,7,0,0,1,0,0,5,1,0,0
12092,1,1,0,0,0,0,1,1,2,0,0
38263,0,2,0,0,1,0,1,4,4,1,0
48922,1,5,1,1,1,0,1,0,3,3,0
58061,0,6,1,0,1,1,1,4,2,2,0
50283,0,4,0,0,1,0,0,1,5,3,0
26605,0,3,0,0,1,0,1,2,2,3,0
10396,1,7,1,0,0,0,0,1,1,1,0
14695,1,7,1,0,1,1,1,6,2,0,0
2579,0,2,0,0,1,1,1,1,3,1,0
71061,1,5,0,0,1,2,0,1,3,0,0
41250,0,5,0,0,1,0,1,1,3,3,0
53923,0,1,0,0,0,0,0,3,1,1,0
54139,0,1,0,0,0,0,1,1,2,2,0
32430,0,0,0,0,0,3,1,2,2,1,0
14928,0,2,0,0,0,0,0,1,2,3,0
32457,1,6,0,0,1,0,0,1,3,2,0
59718,0,2,0,0,1,0,1,3,5,0,0
4948,1,4,0,0,1,1,1,1,4,3,0
40870,0,7,0,0,1,2,0,1,1,1,0
2218,1,3,0,0,1,0,1,2,4,3,0
57494,0,7,1,0,1,1,0,2,2,2,0
1534,0,6,0,0,1,0,1,1,2,3,0
69329,0,6,0,0,1,0,1,6,2,1,0
39852,1,5,1,1,1,2,1,1,3,0,0
65358,0,2,0,0,1,0,1,0,1,2,0
36488,1,0,0,0,0,3,0,3,3,0,0
55567,0,7,0,1,1,0,1,1,2,0,0
33562,1,7,0,1,1,2,1,1,3,2,0
20006,0,1,0,0,0,0,0,1,1,1,0
47696,1,4,0,0,1,0,1,0,2,0,0
60117,1,2,0,0,0,0,1,4,2,0,0
5032,0,4,0,0,1,0,1,0,1,2,0
5780,0,4,0,0,1,0,0,1,5,0,0
52236,0,6,0,0,1,0,1,6,5,0,0
59752,1,6,0,0,1,0,0,1,1,2,0
47005,0,4,0,0,1,0,0,0,1,0,0
4750,1,7,0,0,1,0,0,1,2,2,0
65127,0,2,0,0,1,0,0,1,2,3,0
32203,0,5,0,0,1,1,1,1,3,2,0
27436,1,0,0,0,0,3,0,3,1,1,0
34999,1,2,0,0,1,0,0,1,2,2,0
4213,1,2,0,0,0,1,1,1,4,2,0
71669,1,6,0,0,1,0,1,0,3,0,0
36803,0,2,0,0,0,0,1,1,1,0,0
17725,0,0,0,0,0,3,1,1,1,1,0
57983,1,4,0,0,1,2,0,6,4,2,0
68089,0,4,0,0,1,0,0,3,5,1,0
563,0,3,0,0,1,0,1,6,4,0,0
19364,0,0,0,0,0,3,1,1,1,1,0
34590,1,4,0,0,1,1,1,1,2,3,0
55459,0,6,0,0,0,0,1,1,2,2,0
38724,0,4,1,0,1,2,0,0,4,3,0
52968,0,4,0,0,1,1,1,4,3,1,0
35716,0,5,1,0,1,0,0,6,5,2,0
51421,0,5,0,0,1,0,1,0,2,1,0
72525,0,3,0,0,1,0,0,1,2,3,0
33009,1,7,0,0,1,1,1,6,5,2,0
35437,0,2,0,0,1,0,1,1,3,1,0
37253,0,6,1,0,1,0,0,4,1,2,0
46171,1,2,0,0,1,0,0,2,2,1,0
18143,1,7,0,0,1,1,1,2,1,2,0
35330,1,2,0,0,1,0,0,1,2,3,0
32127,0,2,0,0,1,2,0,1,2,0,0
69834,0,5,0,0,1,2,1,1,5,3,0
56311,0,1,0,0,0,0,1,1,1,1,0
13439,1,3,1,0,1,0,0,1,4,1,0
36366,1,7,0,0,1,2,0,0,2,0,0
28932,0,3,0,0,1,0,1,0,4,2,0
67521,0,3,1,0,1,0,0,3,4,1,0
65688,1,0,0,1,0,3,0,0,2,1,0
58761,1,5,0,0,1,0,0,1,3,2,0
21192,0,7,0,0,1,0,0,1,1,1,0
72348,0,1,0,0,0,0,0,0,1,1,0
1825,1,2,0,0,1,1,0,1,3,3,0
25674,1,3,0,0,1,0,0,2,1,1,0
33035,0,1,0,0,0,0,0,1,3,0,0
54297,1,1,0,0,0,0,1,3,1,1,0
9122,1,1,0,0,1,0,0,1,2,0,0
1218,0,1,0,0,0,0,0,2,2,2,0
57210,0,2,0,0,1,0,1,4,3,0,0
37096,0,0,0,0,0,3,1,0,1,1,0
38243,0,3,0,0,1,0,1,2,2,1,0
17198,0,0,0,0,0,3,1,1,0,2,0
70884,0,2,0,0,1,0,0,1,4,3,0
51809,0,6,0,0,1,1,1,2,3,2,0
40602,0,1,0,0,0,0,0,0,4,0,0
70455,0,5,0,0,1,2,0,3,4,2,0
41618,1,6,0,0,0,0,1,4,2,0,0
21209,0,0,0,0,0,3,1,1,2,0,0
26103,1,3,0,0,1,0,1,2,5,0,0
10436,0,2,0,0,1,0,1,2,3,0,0
16550,0,6,0,1,0,2,0,6,3,1,0
17697,0,6,0,0,1,2,0,0,1,0,0
10744,1,6,0,1,1,2,1,1,2,0,0
7799,0,7,0,0,0,1,0,1,3,0,0
57183,1,0,0,0,0,3,1,0,1,1,0
32604,1,4,0,0,1,1,1,6,6,0,0
49883,0,3,0,0,1,0,1,0,4,2,0
68242,1,5,0,0,1,0,0,4,5,0,0
33726,0,0,0,0,0,3,0,1,0,1,0
56255,0,1,0,0,0,0,0,4,1,0,0
46455,0,6,0,0,1,0,0,3,3,1,0
13270,0,3,0,0,0,2,0,1,5,0,0
38067,0,1,0,0,0,0,0,4,2,2,0
9160,0,7,1,0,1,0,0,1,2,0,0
52843,0,6,1,1,1,0,0,6,4,0,0
67343,0,5,0,0,1,0,1,1,4,0,0
50805,0,5,0,0,1,0,0,2,1,0,0
10826,0,3,0,0,1,1,0,1,1,3,0
60358,0,4,0,0,1,0,0,2,1,0,0
58586,1,7,1,1,1,1,0,1,2,3,0
50499,0,2,0,0,1,0,1,1,2,0,0
18986,0,4,0,0,0,1,0,1,2,0,0
51177,0,4,0,0,1,0,0,0,1,2,0
575,1,0,0,0,0,3,1,1,1,1,0
47321,0,7,0,0,1,0,1,1,0,0,0
7754,0,7,0,0,1,1,1,2,3,2,0
66270,0,5,0,0,1,0,1,0,1,1,0
2814,1,4,1,0,0,2,0,2,2,0,0
52847,0,5,0,0,1,0,1,3,2,0,0
60235,1,7,0,1,1,0,1,1,2,0,0
10981,1,0,0,0,0,3,1,1,1,0,0
62833,0,0,0,0,0,3,0,2,0,1,0
26267,0,7,0,0,1,1,0,7,2,3,0
69918,0,3,1,0,1,0,1,2,5,0,0
44927,0,4,0,0,1,2,1,3,2,1,0
20169,0,7,0,0,1,0,1,2,2,1,0
27721,1,2,0,0,1,0,1,1,3,3,0
71419,1,0,0,0,0,3,0,1,4,1,0
25642,1,2,0,0,0,0,0,1,2,1,0
31932,0,0,0,0,0,3,0,1,2,1,0
38258,0,6,0,0,1,0,1,1,4,2,0
70602,0,2,0,0,0,0,1,1,2,3,0
60056,1,5,0,0,1,0,0,3,2,3,0
31156,0,4,0,0,1,0,0,2,2,0,0
69643,1,7,0,0,1,0,1,0,2,2,0
23171,1,6,0,0,1,0,1,1,2,1,0
2877,0,6,0,0,1,0,0,3,0,3,0
37011,0,5,0,0,1,0,1,1,3,1,0
355,1,0,0,0,0,3,1,1,2,1,0
53252,1,7,0,0,0,1,0,5,3,0,0
3553,0,3,0,0,1,2,0,2,1,3,0
72178,0,0,0,0,0,3,0,1,1,1,0
26468,0,4,0,0,1,2,0,1,5,3,0
13176,0,6,1,0,1,0,0,1,4,0,0
67032,1,3,0,0,0,2,0,3,2,1,0
39784,0,7,0,0,1,1,0,0,2,0,0
56156,2,2,0,0,0,0,1,4,1,2,0
15230,0,0,0,0,0,3,1,1,0,1,0
25218,0,2,0,0,1,2,0,1,1,0,0
39637,0,1,0,0,0,0,1,4,2,1,0
26777,1,1,0,0,0,0,1,1,1,0,0
60533,0,1,0,0,0,0,1,1,1,1,0
44375,0,5,1,0,1,1,1,0,4,3,0
49848,1,5,0,0,1,0,1,0,2,0,0
65413,0,6,0,0,1,0,0,0,5,0,0
31161,0,2,0,0,0,2,0,1,4,0,0
61787,1,5,0,0,1,1,0,3,5,2,0
53482,1,2,0,0,0,1,1,0,4,2,0
71387,0,6,0,0,1,2,1,0,3,0,0
7577,1,0,0,0,0,3,0,1,1,1,0
34400,0,7,1,0,1,1,1,5,3,0,0
45175,1,1,0,0,0,0,0,1,1,1,0
71192,1,0,0,0,0,3,1,0,0,1,0
26997,0,1,0,0,0,0,0,1,2,0,0
33532,0,7,0,1,1,0,1,2,2,0,0
51897,1,3,0,0,1,0,1,5,2,3,0
43016,1,0,0,0,0,3,0,1,2,1,0
3370,0,5,0,0,1,0,1,1,2,1,0
39984,0,3,0,0,1,2,1,5,1,2,0
59232,0,5,0,0,1,1,0,1,2,1,0
57896,1,2,0,0,1,0,0,0,1,3,0
21917,1,3,0,0,1,2,1,3,4,1,0
66435,0,2,0,0,1,0,1,1,2,0,0
3442,0,7,0,0,0,1,1,1,3,1,0
48064,1,0,0,0,0,3,1,0,1,0,0
13358,0,7,0,0,1,1,1,6,3,0,0
64986,1,5,0,0,1,0,0,2,2,0,0
6032,1,7,0,0,1,1,0,6,3,1,0
52924,0,4,0,0,1,0,0,3,2,2,0
69979,1,7,0,0,1,1,1,6,1,3,0
50489,0,5,0,0,1,2,0,3,1,0,0
20094,1,5,1,0,1,0,0,6,2,2,0
16618,0,5,0,0,1,0,0,1,1,1,0
63280,0,6,0,0,1,0,1,1,2,2,0
14551,0,6,0,0,0,0,0,2,3,2,0
22098,0,2,0,0,1,1,1,0,2,0,0
17771,0,6,1,0,1,2,0,6,1,0,0
11803,0,1,0,0,0,0,1,1,3,2,0
34356,0,7,0,0,1,0,1,2,2,2,0
26528,0,1,0,0,0,0,1,1,3,0,0
10624,1,1,0,0,1,0,1,1,1,3,0
36375,1,4,0,0,1,0,1,0,2,1,0
8117,1,5,0,0,1,0,1,1,3,2,0
49849,0,7,0,0,1,0,1,1,3,2,0
19436,1,5,0,0,1,0,1,1,3,3,0
10523,1,5,0,0,1,0,0,1,3,1,0
39322,1,1,0,0,0,0,0,1,1,1,0
53265,0,2,0,0,1,1,0,1,1,1,0
40379,0,5,0,0,1,0,1,1,3,0,0
66841,1,2,0,0,0,0,1,0,1,1,0
38900,0,5,0,0,1,0,0,0,2,1,0
18180,0,0,0,0,0,3,0,0,0,1,0
22964,1,4,0,0,1,2,1,0,2,3,0
64597,0,2,0,0,1,0,1,1,2,1,0
23893,1,1,0,0,1,0,0,2,2,3,0
51564,0,1,0,0,0,2,0,2,1,0,0
14410,1,5,0,1,1,2,0,1,3,3,0
4964,0,7,1,0,1,0,1,1,1,0,0
15020,0,3,0,0,0,2,1,1,1,1,0
27380,0,3,0,0,1,0,1,1,3,2,0
21523,0,1,0,0,0,2,0,1,1,3,0
8819,0,6,0,0,1,2,1,6,2,2,0
68408,1,1,0,0,0,0,0,1,1,3,0
8976,0,2,0,0,1,0,1,2,1,0,0
22290,0,2,0,0,1,0,0,2,1,0,0
7700,0,5,0,0,1,0,0,2,1,0,0
40503,1,1,0,0,0,0,1,0,2,0,0
47917,0,7,1,0,0,0,1,0,1,0,0
30303,1,2,0,0,0,0,1,1,3,2,0
63864,1,6,0,0,1,0,1,2,3,1,0
24177,0,5,1,0,1,0,0,1,5,2,0
57274,1,0,0,0,0,4,0,4,5,0,0
59992,0,6,1,0,1,1,0,6,4,0,0
27382,0,4,0,0,1,2,0,1,1,0,0
61017,0,0,0,0,0,3,0,4,1,1,0
61699,1,7,0,0,1,0,1,1,1,2,0
14489,0,7,0,0,0,1,0,1,4,1,0
54053,1,4,0,0,1,0,1,0,4,2,0
38348,0,6,0,0,1,0,0,1,3,0,0
17668,1,2,0,0,1,1,0,1,2,3,0
11792,0,6,0,0,1,0,0,1,2,2,0
22917,0,6,0,0,1,0,0,1,2,2,0
36204,1,1,0,0,0,3,1,0,3,0,0
49554,1,6,0,0,1,0,1,0,3,2,0
72594,1,6,0,0,1,0,0,1,3,3,0
28027,0,3,0,0,1,2,0,1,1,0,0
54177,0,4,1,0,1,2,1,0,1,2,0
32602,1,7,0,1,1,1,0,1,3,1,0
3379,0,6,0,0,1,0,0,1,1,1,0
41146,1,3,0,0,1,0,1,3,5,0,0
20391,0,7,0,0,1,2,1,0,3,0,0
69379,0,6,1,0,1,1,0,1,1,0,0
34778,1,6,0,0,1,0,1,6,2,2,0
49270,0,7,0,0,1,0,0,1,3,1,0
55407,0,4,0,0,1,0,0,1,5,2,0
36744,1,3,0,0,1,1,1,5,3,0,0
26603,1,4,1,0,1,1,0,2,3,1,0
71414,0,0,0,0,0,3,0,3,1,1,0
14517,1,5,0,0,1,0,0,1,3,2,0
69050,1,5,0,0,1,0,0,1,1,2,0
52080,0,2,0,0,0,0,1,1,1,0,0
27493,0,4,0,0,1,0,0,1,4,0,0
6295,0,5,0,0,1,2,0,2,1,3,0
20375,0,7,0,0,1,0,0,1,3,2,0
29017,1,0,0,0,0,3,0,1,1,1,0
56635,1,7,1,0,1,1,1,6,3,2,0
4280,0,4,0,0,1,2,1,2,3,0,0
22896,0,5,0,0,1,0,1,2,5,2,0
70297,0,3,0,0,1,0,0,1,2,0,0
47776,0,5,0,0,1,2,1,5,6,0,0
53141,0,1,0,0,0,0,1,0,1,0,0
16145,0,0,0,0,0,3,1,1,1,1,0
41593,0,7,0,0,1,1,1,1,3,2,0
50651,0,4,0,0,0,0,1,1,1,1,0
11111,0,6,1,0,1,2,0,6,6,2,0
15803,0,4,0,0,1,0,1,1,2,1,0
71597,0,7,1,0,1,0,1,0,2,2,0
22804,0,1,0,0,0,0,1,3,4,2,0
64498,0,5,0,0,1,0,1,1,1,2,0
41182,0,2,1,0,1,0,0,1,3,3,0
56606,0,7,0,0,1,1,0,0,2,1,0
36958,0,2,0,0,1,0,1,1,2,0,0
65988,0,2,0,0,0,0,1,5,1,1,0
50001,0,2,0,0,1,2,1,1,3,3,0
27034,0,6,0,0,1,2,0,1,2,3,0
8950,0,1,0,0,0,0,0,3,2,2,0
31850,0,1,0,0,0,0,0,1,1,1,0
14288,0,7,0,0,1,0,1,1,2,2,0
3180,0,3,0,0,1,2,0,1,3,0,0
13899,1,2,0,0,1,0,0,1,3,0,0
23730,0,7,0,0,1,1,0,2,2,1,0
6011,1,0,0,0,0,3,0,1,0,1,0
14376,1,4,0,0,1,0,1,1,1,3,0
22052,0,7,1,0,0,1,1,1,1,2,0
24836,0,6,0,0,1,0,1,1,2,2,0
11861,1,6,0,0,1,1,1,1,2,0,0
25613,0,2,0,0,1,0,0,1,2,3,0
71496,0,5,0,0,1,0,0,1,1,0,0
24074,0,0,0,0,0,3,1,1,0,1,0
44937,0,4,0,0,1,2,0,4,1,0,0
72082,0,4,0,0,1,1,1,0,2,3,0
53271,1,3,0,0,1,0,1,1,3,2,0
34077,1,4,0,0,1,2,1,2,4,2,0
42330,0,4,0,0,1,0,1,1,2,3,0
69487,0,7,0,0,1,1,0,0,1,2,0
70973,0,4,0,0,1,2,0,4,3,0,0
44986,0,7,0,0,1,1,0,1,3,1,0
2633,1,2,0,0,1,0,1,1,3,0,0
21834,0,3,0,0,1,0,0,1,3,0,0
49196,0,2,0,0,1,0,0,4,1,1,0
22939,0,1,0,0,0,0,1,1,2,1,0
55400,0,0,0,0,0,3,1,1,0,1,0
30870,1,0,0,0,0,3,0,1,3,1,0
247,1,2,0,0,0,0,0,1,3,0,0
7979,0,2,0,0,0,0,1,0,1,0,0
56189,1,3,0,0,0,2,0,1,3,3,0
3984,0,2,0,0,1,0,1,1,2,0,0
49753,1,2,0,0,0,1,1,1,3,2,0
71719,1,6,0,0,1,2,1,0,2,2,0
11313,0,4,0,0,1,0,1,1,1,0,0
38070,0,5,0,0,1,0,1,5,2,0,0
50455,0,6,0,0,1,1,0,3,2,0,0
31766,1,1,0,0,0,0,1,2,3,0,0
24245,1,5,0,0,1,0,0,1,3,1,0
50726,1,6,0,0,1,0,1,4,3,3,0
64742,1,4,0,0,0,1,1,0,3,0,0
48518,1,4,0,0,1,1,1,4,1,0,0
42999,0,6,0,0,1,0,0,2,3,0,0
71447,1,5,0,1,1,0,0,3,2,0,0
61437,1,1,0,0,0,2,1,4,2,0,0
50428,1,0,0,0,0,3,1,1,0,1,0
8816,1,6,0,0,1,0,0,1,4,1,0
49556,0,3,0,0,1,2,0,1,3,1,0
67654,0,0,0,0,0,3,1,0,0,1,0
21989,0,1,0,0,0,0,0,1,5,1,0
46434,1,5,1,0,1,2,0,6,4,3,0
3205,0,7,0,0,1,1,0,1,0,1,0
68692,1,6,1,0,1,0,0,0,3,2,0
44531,1,3,0,0,1,0,0,0,2,0,0
70392,1,2,0,0,1,0,1,3,1,1,0
37025,0,0,0,0,0,3,0,3,0,1,0
68965,1,3,0,0,1,0,0,1,4,3,0
5236,0,4,0,0,1,0,1,1,3,0,0
32110,0,0,0,0,0,3,0,2,1,1,0
17893,0,7,0,0,1,1,0,1,3,2,0
65794,0,7,1,0,1,0,1,5,3,0,0
65955,1,7,1,1,0,0,1,6,3,0,0
70674,1,6,0,0,1,1,0,0,2,0,0
9955,0,5,0,0,0,0,0,1,2,2,0
8410,0,0,0,0,0,3,1,1,1,1,0
46854,0,0,0,0,0,3,0,1,0,1,0
8168,0,2,0,0,1,0,1,3,1,2,0
30405,0,1,0,0,0,0,1,1,4,2,0
1301,0,7,0,0,0,1,0,6,5,0,0
42348,1,7,0,1,1,1,0,0,2,3,0
38560,1,4,0,0,1,0,1,1,3,1,0
48129,0,5,0,0,1,0,0,1,2,0,0
10511,1,0,0,0,0,3,0,2,3,1,0
42481,1,2,0,0,1,0,0,3,2,1,0
59872,0,3,0,0,1,0,1,1,5,0,0
56282,1,0,0,0,0,0,1,1,0,0,0
6540,0,3,0,0,1,0,1,1,4,1,0
31378,0,4,0,0,1,1,1,1,3,0,0
32317,0,3,0,0,1,0,0,1,3,3,0
9948,1,0,0,0,0,3,0,1,0,1,0
35182,0,6,0,0,1,2,1,1,5,1,0
5655,1,0,0,0,0,3,0,1,0,1,0
51762,0,5,0,0,1,0,1,4,2,1,0
68193,1,6,0,0,1,1,0,6,3,3,0
49459,1,0,0,0,0,3,1,0,0,1,0
54776,1,3,0,0,0,0,0,1,5,1,0
45701,0,7,0,1,0,1,1,3,1,2,0
7953,0,4,0,0,1,0,1,1,3,0,0
65508,1,7,0,0,1,2,0,4,2,0,0
68539,0,1,0,0,0,0,0,1,1,1,0
12022,1,3,0,0,1,2,0,1,4,3,0
3348,0,5,1,0,1,0,0,5,4,0,0
58466,1,7,0,0,1,0,1,1,2,1,0
50434,1,3,0,0,1,2,1,4,3,2,0
49974,1,4,0,0,1,0,1,0,3,1,0
54574,0,1,0,0,0,0,0,3,2,0,0
39342,1,1,0,0,0,0,1,0,2,0,0
2972,1,5,0,0,0,2,1,1,0,2,0
32717,1,1,0,0,0,3,1,2,1,1,0
14063,1,7,0,1,0,1,1,1,2,1,0
71724,0,1,0,0,0,0,0,0,1,0,0
4753,1,7,0,1,1,1,0,6,2,2,0
62076,1,4,0,0,1,0,1,0,2,1,0
6665,1,5,0,0,1,0,1,1,3,1,0
51385,1,6,0,0,1,0,1,1,5,3,0
66973,1,3,0,0,1,0,0,1,3,2,0
59671,0,3,0,0,0,0,1,1,3,1,0
3946,0,1,0,0,1,0,0,1,2,0,0
17623,1,3,0,0,0,1,0,1,3,1,0
50644,1,3,0,0,1,0,0,0,2,1,0
54294,0,6,0,0,1,2,0,1,3,2,0
46767,0,0,0,0,0,3,1,0,1,1,0
12911,0,4,0,0,1,0,1,1,2,0,0
16109,1,6,0,0,1,0,0,2,4,2,0
47499,0,4,0,0,1,2,1,1,2,1,0
8790,0,1,0,0,0,0,0,4,1,1,0
12003,0,7,0,0,1,0,1,6,5,0,0
71099,0,4,0,0,1,1,0,1,2,0,0
62090,1,4,0,0,0,1,1,6,2,0,0
10138,0,3,0,0,1,0,0,1,1,2,0
71424,0,7,1,0,1,1,0,0,3,0,0
44759,1,5,0,0,1,0,0,6,2,3,0
52234,0,7,0,0,1,2,0,2,3,0,0
46461,0,5,0,0,1,0,0,0,4,3,0
6973,1,0,0,0,0,3,1,1,1,1,0
5068,0,2,0,0,0,0,0,1,2,3,0
65277,0,7,1,0,0,1,1,5,2,0,0
52679,0,7,0,0,1,1,1,1,3,2,0
36728,1,7,0,0,1,0,0,1,3,0,0
46797,0,2,0,0,1,0,1,1,2,0,0
63898,0,5,1,0,1,0,0,6,3,0,0
13155,0,6,1,0,1,2,1,7,2,0,0
27125,0,1,0,0,0,0,0,1,1,0,0
15383,0,2,0,0,1,0,0,3,1,0,0
19828,0,5,1,0,1,0,1,1,3,3,0
6289,0,1,0,0,0,3,0,1,1,1,0
44243,0,2,0,0,0,0,1,1,2,0,0
40167,0,7,1,1,1,2,1,1,1,3,0
38078,0,7,1,1,1,0,0,1,3,0,0
34257,1,1,0,0,0,2,0,0,1,1,0
21653,1,0,0,0,0,3,1,2,1,1,0
63764,1,1,0,0,0,0,0,1,1,0,0
22194,0,3,0,0,1,0,0,1,3,1,0
16010,1,4,0,0,1,0,1,1,3,2,0
5074,1,1,0,0,0,0,1,6,4,3,0
10243,0,6,0,0,1,2,0,1,2,0,0
52588,0,6,0,0,1,0,1,1,4,0,0
56996,1,4,0,0,1,0,0,0,1,3,0
28315,1,3,0,0,1,0,1,2,3,0,0
15104,0,2,0,0,1,0,1,1,1,0,0
26604,0,1,0,0,0,0,1,2,2,0,0
27916,1,1,0,0,0,0,0,1,1,0,0
60249,1,0,0,0,0,0,0,4,1,1,0
45787,1,0,0,0,0,3,0,3,1,1,0
65526,0,4,0,0,1,0,0,1,3,2,0
72354,0,7,1,0,1,1,1,2,1,0,0
38938,0,1,0,0,0,0,1,5,2,1,0
39017,0,7,0,0,1,2,1,3,1,2,0
13219,1,0,0,0,0,3,0,1,0,1,0
3003,0,4,0,0,1,2,1,1,3,0,0
34543,0,7,0,0,1,1,1,1,2,1,0
21762,1,0,0,0,0,3,1,2,1,1,0
22003,1,6,0,0,1,0,1,1,2,2,0
19032,0,1,0,0,0,0,1,1,1,0,0
55370,0,5,0,0,1,0,0,6,3,1,0
57288,0,7,0,0,1,0,1,1,4,0,0
31925,0,6,0,0,1,0,1,1,2,0,0
8264,1,3,0,0,1,1,1,2,2,1,0
38783,0,3,0,0,1,1,0,4,3,1,0
45961,0,7,0,0,1,0,0,1,2,0,0
27518,1,0,0,0,0,1,1,1,1,1,0
42251,1,7,1,1,1,1,1,0,2,3,0
33115,1,2,0,0,1,0,1,1,2,0,0
31701,1,1,0,0,0,0,1,3,1,0,0
21661,0,6,0,0,1,2,0,6,6,1,0
57777,0,5,0,0,1,1,0,1,2,3,0
62610,1,2,0,0,1,0,0,3,3,3,0
2730,1,5,0,0,1,0,0,1,4,0,0
51116,0,3,0,0,1,1,0,0,2,2,0
22607,0,3,0,0,1,0,0,2,2,0,0
11595,0,1,0,0,0,0,0,1,1,0,0
32563,1,5,0,0,1,2,0,1,4,0,0
18266,0,6,0,0,1,0,1,2,2,0,0
60088,1,4,1,0,1,1,1,1,3,2,0
14912,0,3,0,0,1,0,1,1,2,0,0
49939,0,5,0,0,1,1,0,0,2,0,0
64534,0,1,0,0,1,0,0,2,1,0,0
62914,1,6,0,0,1,0,1,0,2,1,0
4297,1,7,0,0,1,2,0,6,2,0,0
20399,0,7,1,0,1,0,0,2,3,0,0
1112,0,0,0,0,0,0,0,1,2,0,0
13276,0,3,0,0,1,0,0,1,1,1,0
1260,1,5,0,0,1,2,0,2,2,0,0
40509,0,1,0,0,0,0,0,1,2,0,0
15241,0,6,1,1,0,2,0,5,1,0,0
31344,1,7,0,0,1,1,0,6,1,2,0
55169,1,2,0,0,1,0,1,1,3,0,0
55740,0,0,0,0,0,3,0,0,2,1,0
62513,0,2,0,0,1,0,1,4,4,0,0
18040,0,4,0,0,1,2,1,1,2,0,0
10374,0,1,0,0,1,0,1,1,1,3,0
37209,1,1,0,0,0,4,1,3,3,0,0
62306,0,6,1,0,1,1,0,3,2,2,0
54101,0,5,0,0,1,1,1,0,2,1,0
12259,1,4,0,0,1,0,0,1,2,2,0
37634,1,0,0,0,0,3,0,0,1,1,0
22548,0,2,0,0,1,0,0,1,2,0,0
65407,0,6,0,0,1,1,1,0,3,2,0
50723,1,4,0,0,1,0,1,4,2,3,0
20890,0,6,0,0,1,0,1,1,1,3,0
52472,1,0,0,0,0,3,0,1,2,1,0
42859,0,5,0,0,1,0,0,6,3,0,0
3167,1,5,0,1,1,0,0,1,3,2,0
56469,1,6,0,0,1,0,0,6,4,2,0
23851,0,5,0,0,0,0,1,1,1,2,0
30571,0,3,0,0,1,2,1,1,1,1,0
67786,0,0,0,0,0,3,1,0,1,1,0
41404,0,3,0,0,1,0,1,3,1,0,0
33960,1,3,1,0,1,1,0,1,2,0,0
70833,0,0,0,0,0,0,0,0,1,1,0
65731,1,5,0,0,1,1,0,1,2,3,0
57968,0,0,0,0,0,3,0,2,2,1,0
57539,0,6,0,0,1,0,1,6,5,0,0
17745,1,7,1,0,1,1,0,1,2,2,0
33252,0,1,0,0,0,0,1,1,3,1,0
69789,0,4,0,0,1,0,1,0,4,1,0
40076,0,4,0,0,1,0,1,1,1,0,0
10323,0,6,0,0,1,0,0,3,1,3,0
23514,0,6,0,0,1,1,0,1,2,2,0
37395,0,1,0,0,0,0,0,0,1,3,0
8240,0,3,0,0,1,0,0,2,1,3,0
9620,0,3,0,0,1,2,1,1,2,0,0
7092,0,2,0,0,1,0,1,1,4,0,0
50216,1,4,1,0,1,1,1,5,5,2,0
59506,1,0,0,0,0,0,1,5,2,1,0
43397,1,7,0,1,1,1,1,0,2,1,0
10651,1,5,1,0,1,2,1,2,3,2,0
69750,0,7,0,0,1,1,0,4,1,0,0
55455,1,2,0,0,0,0,1,3,3,0,0
34230,0,2,0,0,1,1,0,6,2,2,0
65154,0,2,0,0,1,0,0,3,6,0,0
36298,0,4,0,0,1,1,1,1,5,0,0
13171,0,1,0,0,0,3,0,5,1,0,0
62983,0,2,0,0,1,0,0,4,1,3,0
44834,0,3,0,0,1,0,1,0,5,1,0
67411,1,2,0,0,0,0,1,2,2,3,0
5455,1,4,0,0,1,0,1,1,3,1,0
49267,0,5,0,0,1,0,0,2,1,2,0
60464,1,5,0,0,1,0,0,1,2,3,0
56286,1,4,0,0,1,0,0,5,5,1,0
5223,0,1,0,0,0,0,1,1,2,1,0
53302,0,1,0,0,1,0,1,4,2,2,0
59309,1,1,0,0,0,1,0,1,1,1,0
69824,1,5,0,0,1,0,1,3,3,0,0
13173,1,6,1,0,1,0,0,6,0,2,0
52579,0,4,0,0,1,1,1,1,1,0,0
59451,1,5,0,0,1,0,0,1,2,0,0
56875,0,4,0,0,1,2,0,5,1,3,0
16774,0,7,0,0,0,1,0,1,4,1,0
61672,0,0,0,0,0,3,0,0,0,1,0
25811,0,6,0,0,1,0,0,1,2,0,0
7780,1,4,0,0,1,1,0,1,3,0,0
58149,0,1,0,0,0,0,1,1,4,1,0
38742,0,7,0,0,1,0,0,1,2,0,0
29613,0,0,0,0,0,0,1,1,2,1,0
20655,1,1,0,0,0,0,1,1,1,0,0
53897,0,6,0,0,1,0,0,2,1,0,0
29792,0,4,0,0,1,0,1,1,2,1,0
15990,1,6,1,0,1,2,1,5,3,0,0
45112,1,3,0,0,0,2,0,5,1,0,0
28385,0,4,0,0,1,0,1,2,1,3,0
63423,1,0,0,0,0,3,1,0,0,1,0
187,0,1,0,0,0,0,1,1,2,3,0
18891,1,1,0,0,0,2,1,1,6,0,0
34657,0,4,0,0,1,1,0,1,1,0,0
40546,1,0,0,0,0,3,0,1,0,1,0
56755,1,3,0,0,1,0,1,2,1,0,0
71097,0,1,0,0,0,0,0,0,1,0,0
21025,0,0,0,0,0,3,0,1,3,1,0
69020,0,7,0,0,1,0,0,1,2,0,0
48883,1,6,0,0,1,2,1,5,3,0,0
71297,0,7,1,0,1,0,0,3,2,3,0
52216,0,2,0,0,1,0,0,1,1,0,0
20421,0,3,0,0,1,0,1,0,2,0,0
36896,1,1,0,0,1,0,1,0,2,1,0
23535,1,7,0,1,1,1,0,1,2,2,0
1323,0,4,0,0,1,0,1,1,1,0,0
47309,1,0,0,0,0,3,0,1,0,1,0
34161,1,2,1,0,1,0,1,1,3,0,0
57405,1,5,0,0,1,1,0,2,2,2,0
15824,0,6,0,0,1,0,1,1,3,0,0
32103,1,5,0,0,1,1,0,1,2,0,0
71420,1,2,0,0,0,2,1,0,5,3,0
15136,1,6,0,1,1,0,1,2,3,1,0
9879,0,5,0,1,1,0,0,5,4,1,0
68302,0,3,0,0,1,0,0,0,3,0,0
65507,1,2,0,0,1,0,1,0,4,0,0
63949,0,2,0,0,1,2,0,1,5,0,0
62475,1,3,1,0,1,0,1,1,3,3,0
35648,0,7,0,0,1,1,1,1,2,0,0
72276,1,3,0,0,1,0,0,1,3,0,0
49661,1,5,0,0,1,2,0,1,2,0,0
31590,1,1,0,0,0,0,0,3,2,0,0
8584,0,0,0,0,0,3,1,1,0,1,0
7964,1,1,0,0,0,0,0,1,1,2,0
25130,0,2,0,0,1,0,0,1,1,1,0
3531,1,3,0,0,1,0,1,1,2,2,0
6529,0,1,0,0,0,0,0,1,1,0,0
22272,0,7,1,0,1,0,1,6,5,0,0
40702,0,6,0,0,0,2,0,0,3,0,0
1656,1,3,0,0,1,0,0,1,5,0,0
51988,0,1,0,0,1,0,1,1,4,1,0
48323,1,5,0,0,1,2,1,1,2,1,0
35155,0,4,0,0,1,1,0,0,1,2,0
12906,0,5,0,0,1,1,1,1,2,0,0
24961,0,3,0,0,1,0,1,2,2,0,0
14000,0,7,1,1,1,0,0,5,3,2,0
23047,1,3,0,0,1,0,0,2,6,0,0
6827,1,2,0,0,1,0,0,1,2,0,0
44656,0,6,1,0,1,0,1,3,3,2,0
59801,0,6,0,0,1,0,0,0,1,0,0
51073,0,2,0,0,1,1,0,1,3,0,0
34966,0,3,0,0,1,1,0,1,4,2,0
41122,0,6,0,0,1,0,1,6,5,0,0
4449,1,4,0,0,1,2,1,3,2,3,0
54726,0,3,0,0,1,0,0,0,3,0,0
1772,0,6,0,0,1,2,0,1,3,0,0
4850,1,4,0,0,1,0,1,3,2,0,0
44886,1,6,1,0,1,1,1,6,4,2,0
26076,0,7,1,0,1,1,1,6,2,2,0
54962,0,2,0,0,0,0,0,1,1,1,0
1116,0,4,0,0,0,2,1,2,2,0,0
28247,1,7,0,0,0,1,0,2,1,3,0
39563,0,3,0,0,1,0,1,1,5,3,0
14872,1,4,1,0,1,1,1,6,6,1,0
57598,0,6,0,0,1,0,1,1,2,2,0
70022,1,2,0,0,0,0,1,0,3,0,0
70365,0,1,0,0,0,0,0,1,2,1,0
28344,1,2,0,0,1,0,0,1,3,1,0
50785,1,1,0,0,0,0,1,1,3,0,0
17251,0,7,1,0,1,1,0,1,2,2,0
48459,1,6,0,0,1,1,0,3,2,3,0
68843,1,2,0,0,1,0,1,2,1,3,0
27523,0,1,0,0,0,0,0,2,2,1,0
61651,1,4,0,0,1,0,1,3,1,0,0
52859,0,0,0,0,0,3,0,0,0,1,0
55631,1,3,0,0,1,0,1,4,2,0,0
7003,0,2,0,0,1,0,1,3,2,0,0
68447,0,4,0,0,0,0,0,3,3,1,0
13817,1,1,0,0,0,0,0,3,2,1,0
12117,1,0,0,0,0,3,0,1,0,1,0
40210,1,7,0,1,1,1,1,6,2,2,0
28447,0,5,1,0,1,0,1,6,3,3,0
72398,0,7,1,0,1,0,0,3,2,0,0
20140,1,5,0,0,1,2,1,6,4,0,0
46903,0,6,0,0,1,0,0,0,2,0,0
61333,0,7,0,0,0,1,1,0,3,1,0
7403,0,4,0,0,1,0,0,1,3,1,0
69370,1,7,0,0,1,2,0,0,2,2,0
43549,0,3,1,0,1,0,1,1,2,0,0
2903,0,2,0,0,0,0,1,3,1,0,0
70268,1,7,0,0,1,0,0,6,2,2,0
11003,0,4,0,0,1,1,1,1,3,1,0
61475,0,4,1,0,1,0,1,1,3,0,0
27608,0,5,0,0,1,2,0,1,1,1,0
9923,1,5,0,1,1,0,0,1,2,0,0
28091,0,3,0,0,1,2,0,1,1,2,0
59749,1,7,0,0,1,0,0,6,2,2,0
8719,1,0,0,0,0,3,0,3,0,2,0
58154,0,1,0,0,0,0,0,0,2,3,0
31712,0,5,0,0,1,0,0,1,2,0,0
30693,0,1,0,0,0,0,0,0,4,0,0
18866,0,7,0,0,1,1,0,1,5,0,0
36909,0,6,0,0,1,1,1,0,4,0,0
63562,1,0,0,0,0,3,1,1,0,1,0
29352,0,2,0,0,0,0,0,1,4,0,0
44024,0,0,0,0,0,0,1,3,3,0,0
24068,0,2,0,0,1,0,0,1,1,1,0
57602,1,0,0,0,0,3,1,3,1,1,0
16536,0,3,0,0,1,1,1,1,4,0,0
6639,1,0,0,0,0,3,1,2,1,1,0
6528,1,7,0,0,1,2,0,6,2,2,0
42594,1,7,1,0,1,2,0,3,3,0,0
59045,0,5,0,0,1,0,0,0,4,0,0
31608,1,0,0,0,0,3,1,1,1,1,0
47949,1,0,0,0,0,3,1,3,1,1,0
41362,0,7,0,0,1,1,1,1,2,0,0
18187,1,5,0,0,1,0,1,1,3,1,0
8983,0,7,1,0,1,0,0,1,1,0,0
20098,0,2,0,0,1,1,1,2,5,0,0
3777,0,2,1,0,1,2,1,1,4,0,0
11651,0,1,0,0,1,0,1,1,4,0,0
28527,1,7,0,0,0,0,0,1,3,0,0
63282,0,4,0,0,1,2,1,1,1,0,0
37038,1,1,0,0,0,3,0,1,0,1,0
4528,1,4,1,0,0,0,1,1,4,0,0
41665,1,5,0,0,1,2,1,5,2,0,0
26539,1,6,0,0,1,1,0,6,3,2,0
25325,0,3,0,0,1,0,1,1,1,2,0
69462,0,0,0,0,0,3,1,2,0,1,0
29816,1,6,1,0,1,0,1,1,3,2,0
47784,0,0,0,0,0,3,1,3,1,1,0
18181,1,4,0,0,1,0,1,2,3,3,0
8614,1,7,0,1,1,1,0,2,1,2,0
61336,0,6,0,0,1,1,0,4,4,0,0
27647,1,7,0,1,1,1,1,1,3,1,0
25676,0,0,0,0,0,3,1,1,1,1,0
65894,0,0,0,0,0,3,0,1,1,1,0
2291,0,7,1,0,1,1,0,6,3,1,0
25630,0,6,0,0,1,1,0,1,2,0,0
38575,1,5,1,0,1,1,1,6,6,2,0
29326,0,7,0,0,1,1,1,1,1,2,0
59292,0,6,0,0,1,1,1,1,1,0,0
52051,0,7,0,0,1,1,0,0,5,3,0
64508,0,0,0,0,0,3,0,1,1,1,0
36593,1,3,0,0,0,0,1,5,3,3,0
39834,1,2,0,0,0,0,0,1,2,3,0
54111,0,0,0,0,0,3,0,1,0,1,0
53476,0,2,0,0,1,0,0,1,4,0,0
479,0,5,1,0,1,0,1,1,3,2,0
37237,0,2,0,0,0,0,1,1,2,3,0
56075,0,5,0,0,1,0,1,5,4,0,0
46130,0,5,0,0,1,1,0,4,4,3,0
7730,1,2,0,0,0,0,1,1,6,3,0
12380,1,3,0,0,1,2,1,1,1,0,0
15324,0,3,0,0,0,0,0,1,1,1,0
22778,1,2,0,0,1,0,0,0,2,0,0
4128,0,5,0,0,1,0,1,1,4,2,0
36825,0,3,0,0,1,0,1,2,2,2,0
1454,0,3,0,0,0,0,0,1,3,0,0
12674,1,4,0,0,1,0,1,1,3,2,0
55375,1,6,1,0,1,0,1,1,2,0,0
3726,1,1,0,0,0,0,0,3,2,1,0
48652,0,0,0,0,0,3,0,1,1,1,0
44831,0,6,0,0,0,0,0,0,3,3,0
68420,0,0,0,0,0,3,0,0,1,2,0
39632,0,5,0,0,1,0,0,6,5,0,0
49095,0,1,0,0,0,3,0,0,1,1,0
46292,1,6,0,0,1,0,1,1,2,0,0
43492,0,0,0,0,0,3,0,3,0,1,0
55766,1,3,0,0,1,0,1,3,3,1,0
17740,1,6,0,0,1,0,1,1,2,2,0
64189,1,6,0,0,1,1,1,4,2,1,0
24202,1,6,0,0,1,0,1,1,3,0,0
9866,0,5,0,0,1,0,0,1,5,1,0
54816,0,0,0,0,0,3,1,3,3,0,0
59880,1,4,0,0,1,0,1,1,3,1,0
20625,1,4,1,0,1,0,0,1,3,3,0
65969,1,0,0,0,0,3,1,3,1,1,0
56923,1,5,1,0,1,0,1,3,3,3,0
44001,0,3,0,0,1,0,0,0,3,1,0
27176,0,6,0,0,1,0,1,2,3,0,0
70874,1,7,1,0,1,2,0,4,1,1,0
34287,0,7,0,0,1,1,1,1,2,1,0
23052,0,5,0,0,1,0,1,1,2,2,0
67499,1,0,0,0,0,3,1,3,1,0,0
5380,0,2,0,0,1,0,0,1,1,0,0
20154,0,3,0,0,1,0,1,1,3,1,0
29546,1,7,0,0,1,2,1,1,3,2,0
3718,0,4,0,0,1,2,0,3,1,3,0
43734,1,1,0,0,0,0,1,3,1,0,0
41917,0,2,0,0,0,0,0,1,1,0,0
8050,1,0,0,0,0,3,0,1,0,1,0
44426,0,1,0,0,1,0,0,4,2,0,0
34700,0,5,1,0,0,1,0,1,1,2,0
70230,0,0,0,0,0,1,1,1,1,0,0
68721,0,7,0,0,1,0,1,4,1,1,0
23170,0,3,0,0,0,0,0,1,2,0,0
5731,0,5,1,0,1,0,0,2,4,3,0
62791,1,7,1,1,1,1,1,6,1,0,0
18943,1,2,0,0,0,2,1,1,2,1,0
45472,1,1,0,0,1,0,0,4,1,0,0
3942,1,7,0,1,1,0,0,6,2,0,0
30201,0,5,0,0,1,0,0,1,4,0,0
38284,1,0,0,0,0,3,1,1,0,1,0
53552,0,6,0,0,1,0,0,2,1,0,0
59663,0,2,0,0,0,0,0,2,4,0,0
68631,0,4,0,0,1,0,1,0,1,1,0
49900,1,0,0,0,0,3,0,0,0,1,0
18140,0,2,0,0,1,0,1,4,2,0,0
52340,1,5,0,0,1,0,0,0,5,3,0
2327,0,1,0,0,0,0,1,1,1,1,0
55137,0,1,0,0,0,0,0,3,1,3,0
458,0,3,0,0,1,2,0,1,1,3,0
57044,1,5,0,0,1,0,0,1,3,1,0
71548,1,4,0,0,1,2,0,0,1,3,0
67438,0,6,0,0,1,2,1,4,2,1,0
36524,1,6,0,1,1,0,1,6,3,2,0
61827,1,7,0,0,1,1,1,5,3,2,0
31454,0,3,0,0,1,2,1,1,1,0,0
15663,0,0,0,0,0,3,0,1,1,1,0
4707,0,6,0,0,1,0,0,1,1,1,0
55885,1,1,0,0,0,0,0,3,1,1,0
47563,0,1,0,0,0,0,1,0,4,0,0
63729,0,1,0,0,0,0,0,0,2,3,0
5286,0,3,0,0,1,2,0,5,4,0,0
29878,1,4,0,0,1,0,0,5,5,1,0
42628,0,6,0,1,0,0,0,5,3,0,0
5006,0,4,0,0,1,1,1,1,1,0,0
11250,1,7,0,0,1,1,1,1,1,2,0
41858,0,6,0,1,1,0,1,1,4,0,0
15742,0,0,0,0,0,3,1,1,1,1,0
34965,0,1,0,0,0,0,0,1,1,0,0
65748,0,4,0,0,1,0,0,5,1,0,0
44635,0,0,0,0,0,3,0,1,1,1,0
72284,0,5,0,0,1,0,1,0,2,3,0
20217,0,3,0,0,1,2,0,2,1,0,0
44259,0,7,0,0,1,0,0,4,2,1,0
52668,0,1,0,0,0,0,0,0,1,0,0
37446,1,7,0,0,1,0,1,1,2,0,0
46895,1,6,0,0,1,0,1,0,3,0,0
57667,1,0,0,0,0,3,0,1,1,2,0
41962,0,2,0,0,1,0,1,2,1,1,0
25495,1,0,0,0,0,3,0,3,1,1,0
2029,0,3,0,0,1,0,1,1,4,0,0
13993,0,1,0,0,0,0,0,1,2,1,0
18876,0,2,0,0,1,0,0,0,1,0,0
365,0,4,1,0,1,0,1,0,5,0,0
37631,1,4,0,0,1,2,0,1,3,3,0
5500,0,4,0,1,1,2,0,0,4,3,0
53217,0,1,0,0,0,0,1,1,1,1,0
4959,0,0,0,0,0,3,0,1,0,1,0
22155,0,3,0,0,1,0,0,1,2,1,0
22860,0,6,0,0,1,2,1,1,1,0,0
6960,0,2,0,0,0,2,0,1,4,1,0
57209,1,3,0,0,1,2,1,0,3,1,0
66581,0,2,0,0,1,0,1,0,5,0,0
17347,0,4,0,0,1,2,0,1,3,2,0
58422,1,3,0,0,1,2,1,0,1,1,0
19043,0,3,0,0,0,0,1,1,2,0,0
52897,1,2,0,0,0,0,0,1,2,3,0
16329,0,0,0,0,0,3,0,2,1,1,0
40353,0,6,0,0,1,0,0,3,2,0,0
56778,1,6,1,0,1,0,0,0,2,3,0
41153,0,2,0,0,1,0,0,2,4,0,0
63725,1,1,0,0,0,0,0,0,1,2,0
19675,0,4,0,0,1,1,1,2,4,0,0
72784,0,5,0,0,1,0,1,3,7,3,0
8541,0,7,0,0,1,2,1,1,2,0,0
45565,0,3,0,0,1,0,0,1,4,0,0
36431,1,3,0,0,1,2,1,5,4,0,0
6171,1,0,0,0,0,3,0,1,0,1,0
29419,0,2,0,0,1,0,0,1,4,0,0
65673,0,5,0,0,0,1,1,0,3,0,0
64662,0,1,0,0,0,0,1,0,4,0,0
51693,0,5,0,0,1,0,1,5,4,0,0
50495,1,5,1,0,1,0,1,2,2,0,0
37086,1,1,0,0,0,0,1,0,3,1,0
71396,1,0,0,0,0,3,0,2,0,1,0
27854,0,1,0,0,0,0,1,1,3,0,0
53759,1,5,0,0,1,1,0,3,4,2,0
14407,1,4,0,0,0,1,0,2,4,1,0
887,0,0,0,0,0,0,0,0,1,2,0
13328,0,4,0,0,1,0,1,2,3,1,0
62507,0,5,0,0,1,0,0,1,3,0,0
51797,0,2,0,0,1,0,0,1,2,1,0
61536,0,0,0,0,0,3,1,1,1,1,0
71221,0,3,0,0,1,2,0,1,3,0,0
6948,1,0,0,0,0,3,0,1,0,1,0
66083,1,6,0,0,1,0,1,4,5,0,0
21238,0,3,0,0,1,0,0,1,2,0,0
70992,0,0,0,0,0,3,0,1,1,1,0
20376,1,3,0,0,1,1,0,1,2,3,0
6613,1,0,0,0,0,3,0,1,1,1,0
27818,0,2,0,0,0,0,1,2,4,0,0
3062,0,4,0,0,1,1,1,5,2,0,0
11692,0,5,0,0,0,2,0,2,2,3,0
25070,1,6,0,0,1,2,1,2,3,1,0
39556,1,4,0,0,1,1,0,2,2,3,0
18437,1,2,0,0,0,0,0,1,4,3,0
59540,0,1,0,0,0,0,1,0,1,0,0
57924,0,4,0,0,1,2,1,0,3,0,0
38069,1,4,0,0,1,0,1,0,2,1,0
48871,0,5,0,0,1,0,1,0,5,3,0
63420,1,6,1,0,1,0,0,1,3,2,0
67665,1,0,0,0,0,3,0,0,0,1,0
50638,0,6,0,0,1,2,0,1,2,3,0
43892,0,7,0,0,1,0,1,1,2,0,0
9335,0,2,0,0,0,0,1,3,5,3,0
14019,0,5,0,0,1,0,0,1,1,0,0
65888,1,0,0,0,0,3,1,3,0,1,0
62986,0,6,1,0,1,0,1,1,5,2,0
72041,1,1,0,0,0,0,0,1,1,3,0
51584,1,2,0,0,0,0,0,1,3,3,0
56476,1,3,0,0,1,0,1,4,2,0,0
51740,0,0,0,0,0,3,0,3,1,1,0
45983,1,1,0,0,0,0,0,0,1,1,0
16079,0,6,0,0,1,0,0,2,3,1,0
24920,0,2,0,0,1,2,1,1,5,3,0
72818,0,2,0,0,0,0,1,1,4,1,0
65944,0,4,0,0,1,1,0,2,4,3,0
63836,1,7,1,1,1,2,1,6,1,2,0
44642,1,5,0,0,1,2,0,1,4,0,0
70693,0,2,0,1,1,0,1,3,1,3,0
54065,0,4,0,0,1,0,0,1,1,0,0
9926,1,1,0,0,0,0,0,1,2,3,0
33308,0,6,0,0,0,0,0,6,5,2,0
15937,1,4,1,0,1,1,1,1,4,2,0
53748,1,7,0,0,1,1,0,0,3,1,0
47803,1,3,0,0,1,2,0,5,2,1,0
41554,0,4,0,0,1,0,1,0,2,3,0
41049,0,2,0,0,1,0,1,3,1,0,0
13859,0,2,0,0,0,0,0,2,1,3,0
24257,1,0,0,0,0,3,1,1,0,1,0
14417,1,6,1,0,1,0,1,1,2,1,0
45260,0,6,0,0,1,1,0,1,1,0,0
12807,0,6,1,0,1,0,0,1,1,0,0
71417,1,4,0,0,0,0,0,5,4,0,0
37479,0,5,0,0,1,0,0,1,3,3,0
23850,1,6,0,0,1,0,0,2,3,0,0
17791,0,2,0,0,1,2,1,1,1,0,0
2544,1,7,0,0,1,0,0,6,1,2,0
4961,1,5,0,0,1,2,0,3,3,1,0
2702,0,5,0,0,1,0,1,0,2,1,0
11208,0,0,0,0,0,3,1,1,0,1,0
4077,1,4,0,0,1,0,0,6,6,1,0
36548,1,2,0,0,1,2,0,0,3,2,0
71596,0,4,0,0,1,0,0,0,1,1,0
61050,1,3,0,0,1,2,1,2,2,0,0
15098,0,6,0,0,1,0,1,1,2,0,0
34895,1,6,0,0,1,0,0,0,5,2,0
6443,0,6,0,0,1,0,0,1,3,3,0
67635,1,1,0,0,0,0,0,1,2,0,0
19931,1,6,0,0,1,1,1,2,3,3,0
57302,0,6,1,0,1,0,1,0,4,1,0
26197,0,3,0,0,1,0,1,2,5,3,0
54982,0,0,0,0,0,3,1,5,0,1,0
13398,0,6,0,0,1,0,0,1,4,0,0
21101,1,7,0,0,1,0,1,0,3,0,0
39958,1,1,0,0,0,0,1,3,1,0,0
51894,0,6,0,0,1,0,1,5,3,3,0
56001,1,5,0,0,1,0,1,1,1,1,0
56137,0,6,0,0,1,0,0,1,4,1,0
69213,1,2,0,0,0,0,1,0,2,0,0
38613,0,4,0,0,1,2,1,0,2,0,0
27660,0,7,1,0,0,1,1,5,6,2,0
33790,0,1,0,0,0,0,1,2,2,0,0
50845,0,2,0,0,1,2,0,2,5,2,0
44628,0,3,0,0,1,0,1,1,1,0,0
38951,0,4,0,0,1,1,1,0,2,1,0
52792,0,3,0,0,1,0,0,0,1,3,0
27675,0,0,0,0,0,3,0,2,0,1,0
6903,0,1,0,0,0,3,1,1,0,1,0
35463,1,6,0,0,1,0,0,1,2,0,0
16876,0,2,0,0,1,0,1,0,2,1,0
60926,1,0,0,0,0,3,0,1,0,1,0
21333,1,5,1,0,1,0,1,6,1,3,0
69183,1,4,0,0,0,0,0,1,1,1,0
8041,0,0,0,0,0,3,1,1,1,1,0
68171,1,6,0,0,1,1,0,3,4,2,0
27948,1,7,0,0,1,1,1,3,2,0,0
45673,0,2,0,0,1,0,1,0,5,1,0
50810,1,1,0,0,0,0,1,0,2,1,0
64165,0,1,0,0,0,0,0,1,1,2,0
22352,0,3,0,0,1,1,0,1,5,2,0
62990,0,5,0,0,1,2,1,1,1,2,0
1737,0,1,0,0,0,0,1,1,5,0,0
26357,1,3,0,0,0,0,0,6,2,1,0
28013,0,3,0,0,1,1,0,1,2,0,0
24727,1,1,0,0,0,0,1,3,3,3,0
37608,0,3,0,0,0,0,0,6,5,2,0
13870,0,5,0,0,1,0,0,2,3,3,0
4655,1,4,0,0,1,0,0,1,4,0,0
55356,0,7,0,0,1,1,0,6,2,0,0
49400,1,7,0,0,1,0,1,1,2,0,0
38132,0,0,0,0,0,0,1,5,0,0,0
50136,0,5,1,0,1,0,0,6,4,3,0
3094,1,2,0,0,0,0,0,1,3,1,0
42727,0,6,0,0,1,0,1,0,2,1,0
33185,1,5,0,0,0,2,0,1,2,2,0
7057,1,0,0,0,0,3,0,1,1,1,0
48244,0,3,0,0,0,0,1,1,4,3,0
69559,1,1,0,0,0,4,0,0,0,1,0
61757,1,2,0,0,1,1,1,0,2,0,0
10541,1,5,1,0,1,0,1,2,4,0,0
48169,0,6,0,0,1,1,0,0,2,1,0
64202,1,4,0,0,1,0,1,3,1,1,0
7069,0,3,0,0,1,0,1,2,5,2,0
52050,1,1,0,0,0,0,0,0,2,0,0
31692,1,6,0,0,1,0,1,1,2,0,0
11192,0,4,0,0,1,0,1,6,6,3,0
69404,1,7,0,0,1,2,1,1,2,1,0
42700,0,5,0,0,1,0,1,6,2,1,0
7638,0,4,0,0,1,0,0,1,1,2,0
7298,0,5,0,0,1,1,1,1,4,0,0
43615,0,4,0,0,1,1,0,1,2,1,0
18134,1,0,0,0,0,3,1,1,0,1,0
19324,0,4,0,0,1,2,0,1,4,1,0
18827,1,5,0,0,1,1,1,1,3,2,0
68291,1,7,0,0,1,0,0,4,2,1,0
70661,0,2,0,0,0,0,1,4,2,2,0
6019,0,5,0,0,1,0,0,1,2,0,0
56616,1,3,0,0,1,0,1,3,1,2,0
14399,0,3,0,0,1,0,0,1,2,2,0
8009,0,7,1,1,1,0,0,6,2,2,0
30961,1,4,0,0,1,0,1,1,2,3,0
24201,1,2,0,0,1,0,1,1,1,0,0
18032,1,6,0,1,1,0,1,1,2,3,0
62396,0,2,0,0,1,0,0,4,4,0,0
67055,0,2,0,0,1,0,1,1,3,2,0
51024,0,1,0,0,1,0,0,2,2,0,0
35039,0,2,0,0,0,0,1,1,0,0,0
46141,0,1,0,0,0,0,1,4,1,1,0
54240,0,2,0,0,1,2,0,0,1,1,0
15929,1,3,0,0,1,2,1,1,2,0,0
50372,1,5,0,0,1,0,1,6,4,0,0
5834,0,2,0,0,0,2,0,1,2,3,0
69847,0,2,0,0,1,1,0,1,1,0,0
67277,1,3,0,0,1,0,1,0,3,0,0
41181,1,3,0,0,1,0,0,1,3,0,0
36388,1,4,1,0,1,0,1,1,2,0,0
49272,1,5,0,0,1,2,0,4,3,0,0
52024,0,6,0,0,1,2,0,1,1,2,0
58508,0,1,0,0,0,2,1,3,1,2,0
64159,0,4,0,0,1,0,1,3,3,3,0
29453,1,1,0,0,0,3,1,1,0,1,0
52838,1,0,0,0,0,3,0,0,0,0,0
43024,1,0,0,0,0,3,1,1,0,1,0
42159,0,7,1,0,1,1,0,5,4,0,0
37761,0,3,0,0,1,0,0,2,3,2,0
27624,0,5,0,0,1,1,1,1,3,0,0
40242,1,0,0,0,0,3,1,2,0,1,0
4383,0,6,0,0,1,2,0,1,4,2,0
58577,0,3,0,0,1,2,1,0,2,0,0
59916,0,5,0,0,1,0,1,6,3,3,0
44526,1,5,0,0,1,2,0,2,3,0,0
12990,1,0,0,0,0,3,1,1,0,1,0
14414,0,2,0,0,1,0,1,1,3,0,0
46343,0,7,0,0,1,0,0,1,3,1,0
29539,1,6,1,0,1,1,1,1,5,3,0
10924,0,6,0,0,1,0,1,1,3,3,0
30248,0,3,0,0,0,0,1,3,5,3,0
39769,0,5,0,0,1,1,0,1,4,3,0
28778,0,5,0,0,1,0,0,6,2,3,0
65257,1,5,0,0,1,0,0,4,2,0,0
7233,1,1,0,0,0,3,1,1,0,1,0
67773,0,0,0,0,0,3,0,0,2,1,0
14993,1,0,0,0,0,3,1,0,0,1,0
59054,1,1,0,0,0,0,1,1,1,1,0
22554,0,0,0,0,0,3,1,1,2,1,0
72512,0,4,0,0,1,1,0,1,4,3,0
56195,1,3,0,0,1,2,0,5,4,0,0
45795,0,7,0,0,1,0,0,5,3,2,0
64433,1,5,0,0,1,0,0,6,4,2,0
70106,0,6,0,1,1,0,1,3,3,0,0
50072,0,2,0,0,0,0,1,0,2,0,0
52530,1,5,0,0,1,2,0,6,1,0,0
768,0,7,0,0,1,1,0,0,2,2,0
50073,0,3,0,1,0,0,1,5,4,2,0
52439,1,6,0,1,1,0,1,1,2,0,0
65379,1,0,0,0,0,3,0,0,1,1,0
38605,0,3,0,0,1,0,1,2,1,3,0
35772,1,1,0,0,0,0,0,1,2,1,0
38014,1,1,0,0,1,0,0,1,1,3,0
68330,0,6,0,0,1,1,1,3,2,0,0
47271,1,3,0,0,1,2,0,3,3,1,0
26330,0,6,0,0,1,0,0,1,2,2,0
24022,0,2,0,0,0,0,0,1,3,1,0
45622,0,1,0,0,0,0,1,3,1,3,0
60732,1,0,0,0,0,3,0,1,0,1,0
53694,1,7,0,0,0,1,0,4,3,1,0
11280,0,2,0,0,1,0,0,1,1,0,0
28734,0,1,0,0,0,4,0,2,2,0,0
17683,1,6,0,0,1,1,0,1,4,3,0
36155,0,5,1,0,1,0,0,1,6,2,0
31390,0,6,0,0,1,0,1,1,2,2,0
10636,0,7,0,0,1,1,1,1,1,2,0
71659,0,6,0,0,1,2,1,5,3,0,0
52305,0,0,0,0,0,3,1,2,0,1,0
9602,0,4,0,0,1,0,0,1,3,1,0
68407,1,2,0,0,1,2,0,1,3,0,0
72011,1,4,0,0,0,1,1,1,2,2,0
40568,0,0,0,0,0,3,0,1,1,2,0
50206,0,2,0,0,1,0,1,1,4,2,0
41191,1,3,0,0,1,0,1,0,2,0,0
7129,1,0,0,0,0,3,0,2,0,1,0
45485,0,4,0,0,1,1,0,1,1,1,0
32023,1,0,0,0,0,3,0,1,1,1,0
33064,1,5,0,1,1,0,0,1,3,0,0
60896,1,6,0,1,1,0,1,4,3,0,0
2109,0,0,0,0,0,3,0,3,2,1,0
27705,0,7,0,1,1,1,1,1,3,1,0
36850,1,3,0,0,1,2,0,0,3,1,0
52500,0,3,0,0,1,2,0,0,2,0,0
43698,0,2,0,0,0,2,1,0,2,1,0
49901,1,5,0,0,1,2,0,4,3,3,0
69120,0,2,0,0,1,1,1,4,4,0,0
25510,1,7,0,0,1,1,0,3,1,2,0
60416,0,5,0,0,1,1,0,2,2,0,0
15135,0,7,0,1,1,0,1,6,2,2,0
34660,1,5,0,0,1,1,0,0,2,2,0
11713,1,4,0,0,1,0,1,1,3,2,0
40704,1,7,0,0,0,0,0,0,2,1,0
71298,0,1,0,0,0,0,1,2,2,0,0
54497,0,6,0,0,1,0,1,1,4,1,0
30129,0,6,0,0,1,2,0,5,2,0,0
44965,0,0,0,0,0,1,0,3,3,1,0
38549,0,6,0,0,1,0,0,6,4,0,0
39236,0,5,0,0,0,1,0,4,1,3,0
50545,1,3,0,0,1,2,0,1,2,0,0
28435,0,5,0,0,1,1,0,1,1,1,0
4631,1,2,0,0,1,0,0,1,1,1,0
9912,1,3,0,0,1,0,1,2,2,1,0
43028,1,6,0,0,1,1,1,0,2,1,0
38894,0,2,0,0,1,0,0,3,2,0,0
41238,0,3,0,0,1,0,0,1,1,0,0
51828,1,2,0,0,1,0,1,1,3,1,0
64196,1,2,0,0,0,0,0,0,1,3,0
10626,0,2,0,0,0,0,1,1,2,2,0
4117,0,5,0,0,1,1,1,1,1,0,0
37993,0,3,0,0,1,2,0,0,2,0,0
57765,0,3,0,0,1,2,1,4,2,0,0
7841,0,4,0,0,1,0,0,1,1,0,0
18398,0,3,0,0,1,0,1,2,2,0,0
50210,1,7,0,0,1,1,0,3,4,0,0
52461,1,5,0,0,1,0,0,3,2,0,0
32523,1,6,0,1,1,0,0,6,2,1,0
49509,0,1,0,0,1,0,1,1,2,0,0
16377,1,6,0,0,1,0,0,1,3,2,0
13902,0,3,0,0,1,0,0,1,6,1,0
44047,1,3,0,0,1,2,1,1,3,0,0
34184,0,0,0,0,0,3,1,1,0,1,0
11312,0,7,0,0,1,1,1,6,3,2,0
39616,0,3,0,0,1,0,0,1,1,3,0
57322,1,0,0,0,0,3,0,2,1,1,0
28011,1,3,1,0,1,0,1,5,2,1,0
242,1,0,0,0,0,3,0,1,0,1,0
18178,0,4,0,0,1,0,0,1,4,0,0
51823,1,7,0,0,1,1,0,3,2,3,0
23439,1,6,0,1,0,0,0,1,2,3,0
12594,0,2,0,0,1,0,1,2,2,3,0
2692,0,7,0,0,1,1,0,1,3,0,0
26062,1,4,0,0,1,0,1,1,4,0,0
6805,1,5,0,0,0,0,0,2,2,1,0
45817,0,5,0,0,1,0,1,0,1,0,0
66306,0,3,0,0,1,0,1,1,2,0,0
62167,0,4,0,0,1,0,1,3,2,1,0
16627,1,5,0,0,1,1,1,3,2,2,0
34285,1,5,0,0,1,0,1,1,1,1,0
71151,1,5,0,0,1,0,0,1,3,0,0
2580,1,6,0,1,0,2,0,1,3,0,0
11891,1,1,0,0,0,2,0,2,2,0,0
57080,0,7,1,1,1,1,0,0,1,2,0
47456,1,2,0,0,1,0,1,0,2,2,0
56139,1,0,0,0,0,3,0,4,1,1,0
12857,1,5,0,0,1,1,1,1,2,3,0
40980,1,7,1,0,1,1,0,1,1,2,0
47668,0,4,0,0,1,0,1,3,6,1,0
72792,0,5,1,0,1,0,1,1,3,0,0
37728,0,2,0,0,1,0,0,0,1,0,0
47410,0,0,0,0,0,3,1,3,1,1,0
56450,1,1,0,0,0,0,1,0,1,0,0
9189,0,1,0,0,0,0,0,1,2,0,0
71966,0,1,0,0,0,4,0,1,1,0,0
59272,1,3,0,0,1,0,1,1,3,3,0
45563,0,7,0,1,1,1,0,4,3,3,0
19907,0,5,0,0,1,0,1,1,2,1,0
62738,1,7,0,1,1,0,1,1,2,3,0
51651,1,4,0,0,1,0,1,3,1,2,0
39940,0,2,0,0,1,0,0,0,2,0,0
8122,0,3,0,0,1,0,0,1,3,1,0
71057,0,5,0,0,1,0,1,1,4,3,0
67921,0,0,0,0,0,3,0,0,1,1,0
12834,1,4,0,0,1,0,0,3,3,2,0
56567,1,0,0,0,0,3,0,0,1,1,0
11872,1,0,0,0,0,3,0,0,0,1,0
6574,0,2,0,0,1,1,0,2,1,0,0
5294,0,1,0,0,1,0,1,1,1,1,0
10870,1,4,0,0,1,0,1,6,5,0,0
15062,1,3,0,0,1,2,0,1,2,3,0
46454,0,7,0,0,1,2,0,0,3,0,0
31795,1,6,0,0,1,1,0,1,3,0,0
62395,1,2,0,0,1,0,0,1,5,3,0
42760,0,2,0,0,1,0,0,0,1,3,0
27119,0,2,0,0,0,0,1,2,1,0,0
47113,0,6,0,0,1,1,1,3,1,0,0
36045,0,2,0,0,1,0,1,3,1,0,0
54871,0,7,0,0,1,0,0,3,2,0,0
48824,0,1,0,0,0,0,1,3,1,0,0
67356,0,3,0,0,1,0,0,1,5,0,0
70670,0,2,0,0,1,0,1,0,7,0,0
58477,0,4,0,0,1,0,0,1,4,0,0
53636,0,0,0,0,0,3,0,1,1,0,0
24262,0,2,0,0,1,0,1,1,2,0,0
33886,0,2,0,0,0,0,1,1,3,3,0
59126,0,2,0,0,0,0,0,4,2,1,0
31697,0,2,0,0,1,0,0,1,2,3,0
10018,1,1,0,0,0,0,1,0,2,1,0
52447,0,0,0,0,0,3,1,4,0,1,0
23238,1,5,0,1,1,0,1,1,4,3,0
4148,1,7,0,0,1,1,0,1,1,2,0
63404,0,4,0,0,1,0,1,1,3,2,0
13540,0,5,0,0,1,1,1,3,2,1,0
44288,1,3,0,0,1,0,1,6,2,2,0
751,0,0,0,0,0,3,1,1,1,1,0
7047,0,2,0,0,1,0,1,0,4,3,0
68020,1,4,0,0,1,0,0,3,3,1,0
11325,0,0,0,0,0,3,1,3,1,0,0
25636,1,3,0,0,1,0,1,6,3,1,0
60602,0,4,0,0,1,2,0,0,2,0,0
51856,1,3,1,0,1,0,1,0,7,0,0
13031,0,1,0,0,0,3,0,1,4,0,0
19498,0,7,0,1,0,1,0,1,2,1,0
51476,1,4,0,0,1,0,0,1,5,0,0
49762,0,1,0,0,0,0,1,3,1,3,0
23449,1,4,0,0,1,1,1,1,2,0,0
51374,0,0,0,0,0,3,1,4,3,1,0
41263,0,1,0,0,0,0,0,1,1,0,0
6599,1,6,1,0,1,1,1,1,2,0,0
16320,0,0,0,0,0,3,0,2,1,1,0
64670,0,5,0,0,1,2,0,1,5,2,0
35941,1,3,0,0,1,0,0,5,0,0,0
64931,1,3,0,0,1,0,1,4,2,0,0
27416,0,2,0,0,1,0,1,1,1,1,0
43433,0,5,0,0,1,1,1,0,6,1,0
21366,0,4,0,0,1,0,0,2,4,2,0
14658,0,3,0,0,1,0,1,1,6,1,0
7538,0,5,0,0,1,1,1,1,2,3,0
52092,0,0,0,0,0,3,1,1,1,1,0
45372,1,6,0,0,1,1,1,1,2,3,0
63043,0,2,0,0,0,0,0,0,2,2,0
68034,0,5,1,0,1,2,0,1,3,0,0
63026,1,0,0,0,0,3,1,1,0,1,0
18352,0,0,0,0,0,3,1,2,0,1,0
36087,0,1,0,0,0,0,1,2,0,2,0
27480,1,1,0,0,0,0,1,1,2,0,0
38074,0,2,0,0,1,0,0,4,1,3,0
66690,0,6,0,0,1,1,0,0,2,0,0
31131,0,4,0,1,1,0,1,1,1,3,0
26884,0,7,0,0,1,1,0,2,3,2,0
26935,0,4,1,0,1,0,0,6,4,3,0
17569,1,3,0,0,1,1,1,1,3,1,0
24585,1,3,0,0,1,2,0,3,4,0,0
53954,1,1,0,0,0,0,1,0,2,1,0
13286,1,0,0,0,0,3,1,1,1,1,0
7653,0,2,0,0,0,0,0,1,1,1,0
59027,0,0,0,0,0,3,1,2,1,0,0
70318,1,1,0,0,0,0,1,1,2,1,0
15422,1,2,0,0,0,2,1,1,2,2,0
56692,0,6,0,0,1,1,0,6,2,3,0
45395,0,3,0,0,1,0,0,0,1,3,0
39977,0,1,0,0,0,0,0,1,3,0,0
14553,1,0,0,0,0,3,0,1,0,1,0
40998,0,7,0,0,1,1,1,0,2,0,0
71900,0,0,0,0,0,3,0,1,0,1,0
41481,0,0,0,0,0,3,1,0,1,1,0
24854,0,1,0,0,0,1,0,1,1,0,0
22330,0,4,0,0,1,1,0,1,2,1,0
14892,0,4,1,0,1,0,1,1,4,0,0
36710,1,6,0,0,1,0,0,0,2,1,0
29267,1,1,0,0,0,0,1,6,1,0,0
17098,0,0,0,0,0,3,0,3,2,1,0
61384,1,7,1,0,1,0,0,3,2,0,0
69732,1,6,0,0,1,1,0,0,1,0,0
61238,0,3,0,0,1,0,1,3,3,1,0
18696,1,7,0,0,0,0,0,5,1,2,0
25643,1,3,0,0,1,0,1,3,4,0,0
63333,0,2,0,0,1,1,0,3,1,3,0
23210,1,2,0,0,0,0,1,1,2,0,0
2647,1,5,0,0,1,0,1,1,2,3,0
60934,1,3,0,0,1,0,0,0,5,2,0
50412,0,1,0,0,0,0,0,1,2,1,0
1192,0,2,0,0,0,2,1,1,2,0,0
55361,0,3,0,0,1,1,0,6,1,0,0
50141,0,0,0,0,0,3,0,1,1,1,0
12963,0,2,0,0,0,1,1,0,1,1,0
55337,0,0,0,0,0,3,1,4,1,1,0
23989,0,6,0,0,1,1,0,1,3,3,0
26025,0,4,0,0,1,2,0,2,1,0,0
67711,0,1,0,0,0,0,1,1,4,1,0
53105,0,2,0,0,1,0,0,0,5,3,0
10696,0,5,0,0,1,0,0,1,2,2,0
52361,1,6,1,1,1,0,0,1,3,2,0
57343,0,7,0,0,1,0,0,4,3,1,0
51408,1,2,0,0,1,2,1,1,2,0,0
47886,0,3,1,0,1,2,1,0,5,1,0
21407,1,3,0,0,1,0,1,3,5,2,0
34026,0,6,0,0,1,0,1,6,4,0,0
53004,0,5,0,0,1,2,1,6,5,0,0
18833,1,6,0,0,1,1,1,1,3,3,0
32610,0,0,0,0,0,3,0,1,2,0,0
57645,0,7,0,0,1,2,1,4,2,1,0
21677,0,6,0,0,1,0,1,1,3,2,0
50410,0,7,0,0,0,2,1,1,3,0,0
25051,0,0,0,0,0,0,1,1,1,0,0
31642,0,6,0,0,1,1,1,1,3,0,0
60455,1,4,0,0,1,0,0,1,2,0,0
52172,0,4,0,0,1,0,1,1,3,1,0
69647,1,2,0,0,0,0,0,0,2,0,0
13172,0,6,0,0,1,1,0,6,3,0,0
31911,0,5,0,0,1,2,0,1,2,2,0
34415,0,1,0,0,0,2,0,1,3,1,0
53219,1,4,0,0,1,0,0,0,2,3,0
7924,0,6,0,0,1,0,0,2,2,2,0
72491,1,5,0,0,1,0,0,1,2,3,0
59058,0,4,0,0,1,2,1,0,2,0,0
52619,0,6,0,0,1,0,1,6,5,0,0
36162,1,3,1,0,1,0,1,3,4,0,0
68371,1,5,0,0,1,0,0,4,2,1,0
21067,0,4,0,0,1,1,0,3,3,0,0
25718,0,2,0,0,1,0,0,2,4,2,0
24421,1,2,0,0,0,0,0,3,5,1,0
69528,0,2,0,0,1,0,0,0,2,2,0
56594,0,6,0,0,1,0,0,1,3,3,0
35095,0,1,0,0,0,0,0,2,2,1,0
30002,1,4,1,0,1,1,1,1,1,0,0
71143,1,6,0,0,1,1,0,5,3,2,0
32669,1,0,0,0,0,3,0,1,1,1,0
17174,1,1,0,0,0,3,1,1,1,1,0
2818,0,7,0,0,0,1,1,6,3,2,0
30650,1,5,0,0,1,2,1,6,3,2,0
3013,0,7,0,0,1,1,1,1,2,0,0
42806,0,6,1,0,1,0,1,6,4,3,0
6390,0,0,0,0,0,3,1,1,0,1,0
46647,0,3,0,0,0,0,0,6,3,0,0
6625,0,5,0,0,1,1,0,1,1,3,0
49605,1,6,0,0,1,0,0,1,3,2,0
72940,0,0,0,0,0,3,0,2,0,1,0
24783,0,2,0,0,0,0,0,1,1,2,0
22515,0,3,1,0,1,0,1,3,4,3,0
3700,1,3,0,0,1,0,0,6,5,3,0
53802,1,7,0,1,1,0,1,3,3,1,0
49955,1,3,0,0,0,0,0,1,3,2,0
2456,1,6,1,0,1,2,1,2,2,3,0
71515,0,6,0,0,1,0,1,6,2,0,0
44662,0,4,0,0,1,2,1,1,5,1,0
38661,0,2,0,0,0,0,0,0,1,0,0
15978,1,0,0,0,0,3,0,1,0,1,0
35210,0,4,0,0,1,0,0,3,2,0,0
49930,0,6,0,0,1,0,1,6,2,0,0
27789,0,5,0,0,1,0,0,1,2,0,0
45325,0,2,0,0,0,0,0,0,2,0,0
31092,0,2,0,0,1,0,0,1,5,0,0
40705,0,4,0,0,1,1,1,0,3,0,0
28513,0,7,0,0,1,0,1,1,1,3,0
12367,0,6,0,0,1,1,0,1,2,1,0
63915,0,3,0,0,1,0,0,1,6,0,0
10166,1,6,0,0,0,2,1,1,4,1,0
35999,0,5,0,0,1,0,0,1,1,2,0
8964,0,2,0,0,0,0,1,1,4,0,0
38207,0,7,1,0,1,1,1,1,1,0,0
52681,0,3,0,0,1,0,0,7,4,3,0
38980,1,6,0,0,1,2,0,2,2,2,0
33924,0,2,0,0,0,0,0,1,1,3,0
10135,0,3,0,0,0,0,1,3,2,1,0
46517,0,6,0,1,1,0,1,5,5,2,0
65966,0,1,0,0,0,0,0,1,1,2,0
56575,0,4,1,0,1,2,0,0,3,3,0
43138,1,1,0,0,0,0,0,0,1,0,0
11632,1,6,0,0,1,0,0,1,2,1,0
31153,1,6,0,0,1,1,1,5,2,2,0
52247,0,7,0,0,1,2,0,1,4,0,0
61987,0,3,0,0,1,0,0,2,3,3,0
64416,0,5,0,0,1,2,1,0,4,1,0
31708,0,0,0,0,0,3,0,1,2,1,0
62296,0,4,0,0,1,2,1,2,2,1,0
53976,0,3,0,0,0,0,1,1,2,1,0
16446,1,0,0,0,0,3,1,1,0,1,0
51329,0,4,0,0,1,0,1,0,2,0,0
33560,0,7,0,1,1,2,0,1,2,0,0
37866,0,7,0,0,1,1,0,5,4,0,0
8553,0,5,0,0,1,2,1,5,3,1,0
5654,0,0,0,0,0,3,1,1,1,1,0
17238,0,0,0,0,0,3,0,1,0,1,0
45252,1,5,0,0,1,0,0,4,1,0,0
14444,0,3,0,0,0,1,0,1,5,1,0
46503,0,1,0,0,0,0,1,2,1,0,0
18578,1,0,0,0,0,3,1,3,0,1,0
917,0,2,0,0,1,0,0,1,1,3,0
60981,0,2,0,0,0,0,1,4,3,0,0
28873,0,1,0,0,0,0,1,1,3,0,0
25446,0,4,0,0,1,2,0,1,5,0,0
54127,0,3,0,0,1,1,0,2,1,2,0
63478,0,3,0,0,1,0,0,1,2,1,0
15464,0,7,1,1,1,0,1,6,1,1,0
63312,1,1,0,0,0,0,0,1,1,3,0
55681,0,0,0,0,0,3,1,0,1,1,0
63804,0,2,0,0,0,0,1,0,1,3,0
10321,0,1,0,0,1,0,1,1,1,1,0
56339,0,7,0,0,1,1,1,0,2,1,0
56277,0,3,0,0,1,0,1,1,1,3,0
33657,0,6,0,0,1,0,0,1,1,2,0
7054,1,0,0,0,0,3,1,3,0,1,0
72393,0,1,0,0,1,2,1,1,1,0,0
68059,1,2,0,0,1,2,1,2,5,3,0
14996,1,6,0,0,1,1,1,1,2,1,0
841,1,2,0,0,1,0,0,1,4,0,0
22880,0,1,0,0,0,0,0,3,3,1,0
1552,1,7,0,0,1,0,0,2,4,0,0
68853,0,6,0,0,1,0,1,4,5,1,0
49190,0,4,0,0,1,0,1,3,3,0,0
49277,0,2,0,0,0,0,0,1,6,2,0
711,1,7,0,0,1,0,1,1,1,0,0
34900,1,0,0,0,0,4,0,1,0,1,0
13237,1,5,0,1,1,1,0,3,2,0,0
61684,0,3,0,0,1,0,0,4,1,0,0
28382,1,1,0,0,0,0,0,1,1,1,0
13768,0,3,0,0,1,0,0,1,1,1,0
32726,0,3,0,0,0,0,0,1,2,0,0
65729,0,2,0,0,1,0,1,3,3,0,0
6422,0,4,0,0,1,1,0,2,3,1,0
11382,1,1,0,0,0,0,1,1,1,0,0
31703,1,6,0,0,1,1,0,1,2,0,0
33439,0,2,0,0,0,0,1,1,1,1,0
5647,0,1,0,0,0,0,0,1,2,2,0
12900,1,0,0,0,0,3,1,1,1,0,0
28367,0,0,0,0,0,3,1,0,1,1,0
71551,0,5,0,0,0,0,0,1,1,1,0
13846,1,3,0,0,1,2,1,1,3,0,0
61667,0,6,0,0,1,0,1,4,2,0,0
46079,1,2,0,0,0,0,0,1,2,3,0
7871,0,3,0,0,1,0,0,1,4,3,0
60964,0,7,1,0,1,2,1,2,2,2,0
72562,0,5,0,0,1,0,1,0,3,0,0
63773,0,0,0,0,0,3,1,4,1,0,0
53998,0,1,0,0,0,0,0,0,3,0,0
16617,0,6,1,0,1,2,0,5,2,0,0
54117,1,0,0,0,0,3,1,2,1,1,0
5987,0,7,0,0,1,0,0,1,1,0,0
72215,0,6,0,0,1,1,1,6,1,0,0
39796,1,3,0,0,0,1,1,0,2,0,0
12345,1,0,0,0,0,3,0,1,2,0,0
65636,1,5,0,0,1,0,0,1,2,1,0
47356,0,3,0,0,1,0,0,1,1,2,0
27859,1,4,0,0,1,0,1,1,2,2,0
41715,0,7,1,0,1,1,1,1,2,0,0
38617,1,2,0,0,1,1,0,1,2,0,0
32638,0,7,1,0,1,1,1,3,4,0,0
47799,0,3,0,0,1,0,0,5,2,0,0
41942,0,3,0,0,1,0,0,6,5,0,0
69010,1,7,0,0,1,0,1,1,1,2,0
47144,0,7,0,0,1,1,0,1,2,2,0
65103,0,5,0,0,1,0,0,1,2,2,0
27596,0,7,1,0,1,0,0,3,3,2,0
59522,1,7,1,0,1,0,1,6,3,0,0
51512,0,1,0,0,0,0,1,0,1,1,0
53821,1,1,0,0,0,0,1,2,3,0,0
51532,0,5,0,0,1,2,1,1,5,0,0
50070,0,6,1,0,1,1,1,7,5,2,0
41654,1,0,0,0,0,3,1,3,1,1,0
5714,0,4,1,0,1,2,1,1,4,0,0
2304,1,4,0,0,1,2,1,1,1,3,0
8543,0,5,0,0,1,0,1,2,1,0,0
45279,0,0,0,0,0,3,1,1,1,1,0
57870,1,5,0,0,1,0,1,1,5,3,0
56961,0,3,0,0,0,2,1,1,3,0,0
8623,0,0,0,0,0,3,0,1,1,1,0
21346,0,0,0,0,0,3,1,1,0,1,0
36922,1,5,0,0,1,0,1,0,0,0,0
19814,0,3,0,0,0,0,0,1,2,0,0
22151,0,2,0,0,0,2,1,1,3,3,0
47802,1,2,0,0,0,0,0,7,1,2,0
25404,1,5,0,0,1,0,1,1,3,0,0
43487,0,0,0,0,0,3,0,0,1,1,0
58313,0,6,0,0,1,1,0,0,2,2,0
16629,0,2,0,0,1,0,0,3,2,0,0
60675,0,4,1,0,1,2,1,6,6,0,0
1119,1,4,0,1,1,2,0,2,2,3,0
64864,1,6,1,0,1,0,1,0,1,3,0
55244,1,3,0,0,1,1,1,0,2,0,0
23568,0,3,0,0,1,0,0,4,4,1,0
56979,1,5,0,0,1,0,1,0,3,3,0
66006,0,3,0,0,1,0,0,1,3,0,0
40447,0,5,0,0,1,0,1,1,2,0,0
62798,0,7,1,0,1,0,1,2,3,3,0
38397,0,2,0,0,0,0,0,3,2,0,0
66945,0,4,0,0,1,0,0,1,2,0,0
44992,1,0,0,0,0,0,0,4,2,2,0
50009,0,1,0,0,0,0,0,1,1,2,0
5170,1,3,0,0,1,2,1,0,1,1,0
16263,0,3,0,0,1,1,0,1,1,1,0
16024,1,1,0,0,0,0,0,1,1,3,0
47057,1,5,0,0,1,1,0,1,3,1,0
34045,0,0,0,0,0,3,0,1,0,1,0
59691,0,5,0,0,1,2,0,1,3,1,0
49261,1,5,0,0,0,0,1,2,2,2,0
30734,1,1,0,0,0,3,1,1,3,1,0
72184,0,3,0,0,1,1,0,1,1,2,0
37440,1,5,0,0,1,2,0,6,4,2,0
54400,0,6,0,0,1,1,1,4,1,0,0
56547,1,5,0,0,1,0,1,0,2,0,0
13598,1,6,0,0,1,1,0,6,5,2,0
24246,1,0,0,0,0,3,0,1,0,1,0
29276,1,0,0,0,0,3,0,1,1,1,0
20979,0,3,0,0,0,0,1,1,1,0,0
46048,1,6,0,0,1,2,1,6,2,0,0
35217,0,6,1,0,1,0,0,6,5,0,0
11816,0,4,0,0,1,1,0,1,2,0,0
48721,1,2,0,0,0,0,0,5,1,0,0
24163,0,0,0,0,0,3,1,3,1,1,0
8022,1,1,0,0,0,0,0,1,1,0,0
10950,0,0,0,0,0,3,0,3,2,1,0
21830,0,7,0,0,1,0,0,1,0,3,0
26594,0,2,0,0,1,0,0,1,3,3,0
14789,0,6,0,0,1,0,1,3,2,2,0
46670,0,7,1,0,1,1,1,5,2,0,0
31426,0,7,1,0,1,2,0,6,5,0,0
64435,0,3,0,0,1,0,1,1,3,0,0
68789,0,2,0,0,0,0,0,0,4,1,0
56254,0,1,0,0,0,0,1,2,5,3,0
17478,1,4,0,0,1,2,0,2,4,0,0
59908,0,0,0,0,0,3,1,3,2,1,0
34130,1,5,1,0,1,0,1,3,1,0,0
21110,0,3,0,0,1,0,0,1,3,0,0
71622,0,5,0,0,1,0,0,4,2,0,0
10056,0,3,0,0,1,0,0,1,1,0,0
2424,1,6,0,0,1,0,0,1,3,1,0
24736,0,0,0,0,0,3,0,1,0,1,0
8920,0,4,0,0,1,1,1,1,3,2,0
62715,1,7,0,1,1,0,0,0,2,0,0
70615,0,5,0,0,1,2,0,5,4,1,0
43507,0,6,0,0,1,0,1,0,3,0,0
43035,1,2,0,0,1,0,1,4,3,3,0
44799,0,2,0,0,1,0,1,0,5,0,0
49053,0,4,0,0,0,0,1,3,3,0,0
33102,1,0,0,0,0,3,1,0,1,2,0
59405,0,6,1,0,1,0,0,4,5,1,0
18283,0,4,0,0,1,2,0,1,3,3,0
4929,1,0,0,0,0,3,0,1,0,1,0
37289,0,6,0,0,1,1,1,6,2,0,0
6202,1,0,0,0,0,3,0,1,1,1,0
24106,0,2,0,0,1,0,1,1,3,2,0
32126,0,5,0,1,1,0,0,1,1,3,0
56322,1,4,0,1,1,2,1,1,3,0,0
54869,0,2,0,0,1,0,0,3,2,0,0
40887,1,1,0,0,0,3,0,4,4,0,0
38287,1,5,0,0,1,0,1,2,3,2,0
53426,1,4,0,0,1,0,1,0,3,2,0
14943,0,1,0,0,0,0,1,1,1,0,0
65351,1,0,0,0,0,3,0,4,1,1,0
61830,1,4,0,0,1,0,1,1,3,0,0
71777,1,7,1,1,1,0,1,1,2,0,0
69059,0,3,0,0,1,0,0,1,1,0,0
11908,0,6,0,0,1,1,0,1,2,2,0
24955,0,1,0,0,0,0,1,2,5,3,0
61477,0,1,0,0,0,0,0,0,1,3,0
724,1,1,0,0,0,0,1,1,5,0,0
22614,1,6,0,0,0,1,1,1,2,3,0
61997,0,4,0,0,1,0,0,2,2,1,0
6605,1,5,1,0,1,2,0,6,4,2,0
70428,0,3,0,0,1,2,0,1,3,0,0
2267,0,2,0,0,1,1,0,1,3,0,0
25476,0,5,0,0,1,0,0,1,4,1,0
52960,0,5,0,0,1,1,0,1,3,2,0
56600,0,3,0,0,1,0,1,1,3,1,0
9394,1,0,0,0,0,3,1,1,2,1,0
42400,0,0,0,0,0,3,0,1,1,1,0
36210,0,1,0,0,0,0,1,3,2,0,0
34416,1,1,0,0,0,0,0,1,1,0,0
37192,0,3,0,0,1,0,0,1,5,1,0
20237,1,1,0,0,0,0,0,2,2,0,0
60635,1,4,0,0,1,0,1,1,2,0,0
32571,1,2,0,0,1,0,0,1,2,1,0
52368,1,4,0,0,1,0,0,0,3,3,0
66786,0,5,0,0,1,0,1,1,2,3,0
12668,1,6,0,0,1,1,0,5,2,0,0
64155,1,6,0,0,1,2,1,6,3,0,0
17885,1,5,0,0,0,2,1,1,4,3,0
18930,0,4,0,0,1,2,0,1,2,0,0
71846,0,7,0,0,1,2,0,6,2,3,0
37515,0,4,0,0,1,2,1,1,1,1,0
25763,0,1,0,0,0,0,0,1,2,1,0
16566,1,0,0,0,0,3,0,1,1,1,0
30836,0,5,0,0,1,0,0,1,3,0,0
68060,1,0,0,0,0,3,0,1,1,1,0
51958,0,6,1,0,0,0,0,5,5,1,0
45285,1,3,0,0,1,0,0,5,4,1,0
19271,0,7,1,1,1,1,0,2,3,0,0
6576,0,2,0,0,1,0,0,1,1,2,0
6850,1,0,0,0,0,3,0,1,2,1,0
25798,1,0,0,0,0,0,0,1,2,0,0
28611,1,1,0,0,0,0,0,1,1,1,0
15061,1,3,0,0,1,2,1,1,2,1,0
40323,0,1,0,0,0,0,0,1,1,0,0
40842,0,2,0,0,1,0,1,2,2,2,0
23765,0,5,0,0,1,2,1,6,4,0,0
66287,1,2,0,0,1,0,1,1,3,2,0
50804,1,0,0,0,0,3,1,0,0,1,0
25927,1,3,0,0,1,0,1,2,2,0,0
41970,1,2,0,0,0,0,0,2,2,1,0
54206,0,2,0,0,0,2,0,1,2,2,0
46691,1,1,0,0,0,3,0,4,4,0,0
37553,1,5,0,0,1,0,0,4,4,2,0
27507,0,1,0,0,0,0,0,1,1,0,0
68209,1,4,0,0,1,2,1,0,3,2,0
42841,1,5,0,0,1,0,1,0,2,2,0
51889,0,3,0,0,1,0,0,0,3,0,0
72725,0,2,0,0,0,2,0,0,1,3,0
18605,0,1,0,0,0,4,0,1,5,0,0
23599,0,2,0,0,0,0,0,2,2,0,0
45530,0,1,0,0,0,0,0,1,1,0,0
56425,0,7,0,0,1,2,1,0,1,1,0
69972,0,5,0,0,1,0,1,0,3,2,0
13307,1,5,0,0,1,2,0,1,3,2,0
72188,1,2,0,0,0,0,0,2,2,0,0
60226,0,2,0,0,1,0,0,1,4,1,0
34940,1,2,0,0,1,0,0,1,4,0,0
4403,0,5,0,0,1,0,0,0,1,0,0
33051,1,2,0,0,0,0,0,1,3,1,0
37668,1,1,0,0,1,2,0,5,1,0,0
27276,0,4,0,0,1,0,0,1,3,1,0
37808,0,2,0,0,0,2,0,6,4,1,0
21678,1,2,0,0,1,0,0,1,3,3,0
40087,1,6,0,0,1,0,1,5,3,0,0
38658,0,6,0,0,1,1,1,6,5,0,0
30353,1,3,0,0,1,0,0,1,3,0,0
28803,1,2,0,0,1,0,0,1,2,0,0
10445,1,5,0,0,1,2,1,1,2,1,0
12812,0,5,0,0,1,0,1,2,3,0,0
72289,0,4,0,0,1,0,1,0,5,3,0
30433,1,7,0,0,1,0,0,1,3,1,0
37640,0,6,0,0,1,2,1,3,2,1,0
54378,0,4,0,0,1,1,0,6,5,0,0
34138,1,3,0,0,1,0,0,1,4,2,0
72160,1,7,1,1,1,0,1,0,3,2,0
44447,1,4,0,0,1,0,0,0,2,3,0
44233,0,4,0,0,1,2,1,1,4,1,0
56021,0,6,1,0,1,0,0,0,1,0,0
65038,0,2,0,0,1,0,1,0,3,0,0
3595,1,2,0,0,1,0,0,1,5,3,0
68268,0,6,0,0,1,1,0,1,3,1,0
7564,1,6,0,0,1,0,1,1,3,2,0
26723,0,5,0,0,1,0,0,1,3,0,0
9995,1,0,0,0,0,3,0,3,0,1,0
68074,1,5,0,0,1,0,1,2,6,2,0
8385,1,3,0,0,1,0,0,1,4,1,0
21796,1,5,0,0,1,0,0,0,4,2,0
53115,0,7,0,0,1,2,0,1,2,2,0
27623,0,5,0,0,1,0,0,6,3,1,0
70823,0,0,0,0,0,3,0,0,0,0,0
5173,1,1,0,0,0,0,1,1,2,3,0
21852,1,0,0,0,0,3,1,1,1,1,0
24711,0,5,0,0,1,2,0,1,2,2,0
21967,0,1,0,0,1,0,0,1,2,3,0
36793,0,3,1,0,1,0,1,0,4,0,0
37492,0,2,0,0,1,0,1,1,4,2,0
45658,1,0,0,0,0,0,1,1,3,0,0
6264,1,2,0,0,1,0,1,1,3,1,0
37507,0,2,0,0,0,0,1,0,2,0,0
50557,0,6,0,0,1,1,0,6,4,3,0
21973,1,6,0,0,1,0,1,0,3,2,0
53346,0,1,0,0,1,0,1,5,2,2,0
41210,1,4,0,0,0,1,0,2,3,2,0
29078,1,3,0,0,1,2,1,1,2,3,0
24873,0,7,0,0,1,0,1,1,2,0,0
15387,1,1,0,0,0,0,1,1,4,1,0
63880,0,6,0,0,1,1,0,1,4,0,0
49833,0,3,0,0,1,2,1,3,4,2,0
43773,1,0,0,0,0,3,0,0,1,1,0
53095,1,0,0,0,0,3,1,0,1,1,0
56185,0,2,0,0,0,0,0,1,2,3,0
57043,0,6,0,0,1,1,0,2,4,2,0
55545,0,6,0,0,1,1,1,1,3,0,0
60899,0,4,0,0,1,0,0,3,1,0,0
16136,0,7,0,0,1,1,0,1,3,0,0
11843,0,6,0,0,1,1,1,1,2,2,0
3609,1,7,0,0,1,0,0,1,2,0,0
29172,0,6,0,0,1,1,1,1,1,0,0
6048,0,6,0,0,1,0,0,2,2,0,0
16029,0,6,0,0,1,1,1,1,2,0,0
63022,0,5,0,0,1,1,0,1,3,0,0
40041,1,2,0,0,0,1,1,0,1,1,0
6924,0,2,0,0,1,0,1,2,2,3,0
22590,1,0,0,0,0,3,0,1,0,1,0
25878,1,5,0,0,1,1,1,1,5,2,0
11169,0,6,0,0,1,0,0,1,2,2,0
44355,0,4,0,0,1,0,1,1,1,0,0
46514,0,4,0,0,1,2,0,2,3,0,0
67466,1,6,1,0,1,0,0,6,3,2,0
3612,1,6,0,0,1,0,1,1,3,2,0
66590,0,3,0,0,1,1,0,0,1,2,0
19611,1,5,0,0,1,0,0,1,3,3,0
47216,1,4,0,0,1,0,1,3,3,3,0
55591,1,4,0,0,1,0,0,3,3,0,0
24381,1,4,0,1,1,1,0,5,3,0,0
8037,1,4,0,1,0,2,0,1,3,1,0
23911,0,3,0,0,0,0,1,1,5,0,0
31596,0,1,0,0,0,0,0,1,1,0,0
44647,1,6,0,0,0,2,1,1,3,0,0
51486,0,6,0,0,1,0,1,2,4,2,0
18263,0,7,0,0,1,1,0,6,3,0,0
41930,1,1,0,0,0,0,1,4,1,0,0
45922,0,1,0,0,0,0,0,0,2,0,0
52934,1,7,0,0,1,1,0,6,2,0,0
18020,1,5,0,0,1,0,0,1,2,0,0
63467,1,0,0,0,0,3,0,4,0,1,0
38642,1,5,0,0,1,0,0,0,2,1,0
5387,0,7,0,0,0,0,1,1,1,0,0
68417,0,1,0,0,0,0,1,0,1,0,0
22477,1,3,0,0,1,0,1,1,2,1,0
23968,0,7,0,0,1,2,1,1,3,0,0
8111,0,1,0,0,0,0,1,2,2,1,0
15282,0,7,0,0,1,0,1,1,3,2,0
54395,0,7,1,0,1,1,1,4,3,0,0
25408,0,1,0,0,1,1,1,3,3,3,0
69284,0,7,1,0,1,1,0,5,2,0,0
28348,0,4,0,0,1,0,1,2,2,1,0
46015,0,2,0,0,0,0,0,1,1,3,0
69047,0,5,0,0,1,2,0,1,2,2,0
39706,1,3,0,0,1,1,1,0,2,3,0
9143,0,1,0,0,0,0,0,0,1,2,0
64879,0,0,0,0,0,3,1,3,1,1,0
17130,0,1,0,0,0,0,1,1,3,0,0
16420,0,4,0,0,1,0,0,2,4,0,0
7529,1,6,0,0,1,0,1,1,2,2,0
54022,0,7,0,0,1,1,1,0,4,0,0
35660,1,1,0,0,0,0,1,3,2,1,0
50605,0,2,0,0,1,0,1,3,2,0,0
27803,0,5,0,0,1,2,0,6,2,0,0
68981,0,7,1,0,1,2,0,6,3,2,0
61505,0,1,0,0,0,0,1,5,1,3,0
70677,1,6,0,0,1,0,1,6,4,2,0
49620,1,7,0,0,1,0,1,1,1,2,0
5319,1,4,0,0,1,0,1,1,3,0,0
51100,1,6,0,0,1,2,1,0,3,1,0
163,0,1,0,0,0,0,1,1,2,1,0
55140,1,6,1,0,0,0,0,1,2,0,0
52882,0,6,0,0,1,2,1,3,1,3,0
54344,0,0,0,0,0,3,1,1,1,1,0
2550,0,2,0,0,1,2,1,1,1,2,0
58610,0,5,0,0,1,0,0,0,3,3,0
60603,0,4,0,0,0,0,1,0,2,0,0
808,0,1,0,0,0,0,1,1,4,0,0
61881,1,5,0,0,0,1,0,4,3,3,0
41600,1,5,0,0,1,0,1,0,3,0,0
12786,0,5,0,0,1,0,0,1,3,1,0
11935,0,0,0,0,0,3,1,3,0,1,0
44655,0,2,0,0,1,0,1,1,4,0,0
48644,0,4,0,0,1,1,1,3,1,2,0
41527,1,4,0,0,1,0,0,0,2,3,0
50975,1,4,0,0,1,0,1,0,2,0,0
49179,1,0,0,0,0,3,1,1,0,0,0
27509,0,7,1,0,1,1,0,1,1,0,0
19191,1,7,0,0,1,0,0,6,3,2,0
25149,0,0,0,0,0,3,1,1,0,1,0
42626,0,7,1,0,1,2,1,0,2,0,0
2578,1,1,0,0,0,2,1,1,1,0,0
55975,0,4,0,0,1,2,1,1,1,0,0
62182,0,1,0,0,0,0,1,3,1,2,0
12037,0,7,0,0,1,1,1,1,1,0,0
21963,1,2,0,0,1,0,0,2,2,1,0
26250,1,1,0,0,0,1,0,3,1,1,0
13960,0,1,0,0,0,4,0,1,1,1,0
56573,1,7,0,0,1,0,1,3,3,2,0
10659,0,0,0,0,0,3,0,1,0,1,0
50763,1,3,0,0,1,2,0,0,1,0,0
62075,0,3,0,0,1,0,0,0,0,2,0
10119,1,7,0,0,1,0,1,0,2,0,0
48127,1,5,0,0,1,1,0,2,2,3,0
65892,0,5,0,0,1,1,0,0,6,0,0
33370,0,4,0,0,1,0,1,3,2,1,0
59049,0,1,0,0,0,0,1,3,0,0,0
53896,0,1,0,0,0,0,1,5,1,3,0
21980,1,0,0,0,0,3,0,0,0,1,0
70497,0,7,1,1,1,0,1,4,2,3,0
58652,0,1,0,0,0,4,1,0,1,0,0
30335,1,1,0,0,0,0,1,1,1,0,0
26305,1,2,0,0,0,1,1,1,3,2,0
31227,1,0,0,0,0,3,1,1,0,1,0
5581,0,3,0,0,1,0,1,1,3,2,0
43803,0,6,0,0,1,0,0,0,3,3,0
41395,1,0,0,0,0,3,0,3,0,1,0
71784,1,1,0,0,0,0,1,0,1,3,0
57979,1,0,0,0,0,3,1,2,0,1,0
54437,1,6,0,0,1,1,1,4,3,1,0
67159,1,7,1,0,0,2,0,1,4,0,0
7230,1,4,0,0,1,2,1,1,2,0,0
68306,1,1,0,0,0,0,1,3,2,0,0
33087,0,0,0,0,0,3,0,2,1,1,0
40850,0,7,0,0,1,2,0,3,1,0,0
57612,1,6,0,0,1,0,0,1,4,0,0
37029,1,0,0,0,0,3,1,1,0,1,0
338,0,3,0,0,1,0,1,3,2,0,0
9565,0,3,0,0,0,0,1,1,3,0,0
3623,0,3,0,0,1,1,0,1,3,0,0
69723,1,1,0,0,0,0,0,4,1,0,0
47662,0,3,0,0,0,1,0,0,1,3,0
58495,1,2,0,0,1,0,1,1,3,0,0
71222,1,7,1,0,1,0,0,6,2,2,0
37865,1,5,0,0,1,0,0,4,2,3,0
20185,0,6,0,0,1,1,1,0,2,0,0
41875,0,4,0,0,1,0,0,1,2,3,0
67602,0,1,0,0,0,0,0,1,1,1,0
40387,0,1,0,0,0,0,1,1,1,1,0
43208,0,1,0,0,0,0,0,1,1,1,0
54324,0,5,1,0,0,2,0,5,3,2,0
51110,0,4,0,0,1,1,0,0,3,2,0
36969,0,4,0,0,1,0,1,0,3,2,0
48118,0,7,0,0,1,1,0,3,3,0,0
4607,0,4,0,0,1,1,0,3,4,1,0
62471,0,2,0,0,1,1,1,0,2,0,0
43821,0,6,1,0,1,0,1,0,4,0,0
7218,0,7,0,0,1,0,1,6,3,0,0
23427,0,7,0,0,1,0,1,1,4,1,0
66014,0,0,0,0,0,3,0,1,1,1,0
41652,0,2,0,0,0,0,0,0,2,2,0
16605,1,5,0,0,1,0,0,2,3,0,0
42091,1,2,0,0,1,2,1,1,2,3,0
66067,1,6,0,0,1,0,1,0,3,2,0
50222,0,1,0,0,0,0,1,1,2,3,0
72386,0,1,0,0,0,0,0,0,1,0,0
14918,0,3,0,0,1,0,0,0,2,3,0
55457,0,4,0,0,1,0,0,3,3,3,0
63323,1,4,1,0,1,1,1,3,3,2,0
35446,1,7,0,0,1,2,1,6,3,1,0
8208,1,1,0,0,0,0,1,1,1,3,0
5131,0,4,0,0,1,0,0,2,7,1,0
4795,0,2,0,0,0,0,1,1,4,1,0
7581,1,0,0,0,0,3,0,1,1,1,0
14036,1,4,0,0,1,0,1,2,2,1,0
25942,0,0,0,0,0,3,0,1,0,1,0
24018,1,5,0,0,1,0,1,1,3,0,0
27801,0,2,0,0,1,0,0,3,2,0,0
52978,0,2,0,0,1,0,0,1,5,0,0
15593,0,0,0,0,0,3,0,4,1,1,0
11098,1,7,0,0,1,2,1,1,1,2,0
12015,1,0,0,0,0,3,0,1,2,1,0
47348,0,6,0,0,1,0,0,4,3,2,0
44155,0,5,0,0,1,2,0,1,2,2,0
62656,0,0,0,0,0,3,1,2,2,0,0
8838,0,3,0,0,0,0,1,0,3,3,0
42563,0,5,1,1,1,0,1,6,5,2,0
31254,0,1,0,0,0,0,0,1,1,1,0
27922,1,2,0,0,1,0,1,2,3,0,0
1696,0,3,0,0,1,0,0,2,5,3,0
54162,1,3,0,0,1,0,1,0,3,1,0
65907,0,4,0,0,1,0,0,6,5,3,0
49451,0,5,0,0,1,0,1,1,4,1,0
68601,0,1,0,0,0,0,0,0,1,0,0
13236,0,0,0,0,0,3,1,1,1,1,0
65998,1,0,0,0,0,3,1,2,1,1,0
5875,0,3,0,0,1,0,0,2,4,3,0
47427,1,4,0,0,1,1,0,1,2,2,0
29734,0,4,0,0,0,2,1,1,5,2,0
72715,0,4,0,1,1,0,0,5,2,0,0
59847,0,0,0,0,0,3,1,3,1,0,0
59911,1,0,0,0,0,3,0,0,1,1,0
13583,0,0,0,0,0,3,1,1,0,1,0
22897,1,3,0,0,1,0,1,1,3,2,0
11898,0,3,0,0,1,0,0,1,3,0,0
14785,0,3,0,0,1,0,1,1,5,0,0
45163,0,4,0,0,1,0,0,1,1,3,0
57254,0,5,0,0,1,0,1,4,4,2,0
30658,1,1,0,0,0,3,1,1,3,1,0
32617,1,0,0,0,0,3,0,1,0,1,0
65376,0,6,0,0,1,1,0,1,2,3,0
1731,0,7,0,0,0,1,0,1,2,0,0
38441,0,5,0,0,1,0,0,0,3,0,0
22147,0,7,0,0,1,0,0,6,2,0,0
50663,0,6,0,0,1,2,0,3,1,3,0
19165,1,2,0,0,1,0,0,1,1,1,0
60562,0,1,0,0,0,0,1,0,1,0,0
22013,0,1,0,0,0,0,1,2,3,0,0
39936,0,4,0,0,1,0,1,0,4,2,0
6517,0,1,0,0,1,2,0,1,5,3,0
62576,0,5,0,0,1,0,0,0,1,0,0
18636,0,2,0,0,1,2,0,1,4,0,0
24299,1,5,1,0,1,1,1,1,3,3,0
40826,0,3,0,0,0,0,0,0,2,0,0
53323,0,2,0,0,0,2,0,1,5,0,0
28717,0,5,1,0,1,0,1,5,3,0,0
53028,0,3,0,0,1,0,1,1,3,0,0
57757,0,7,0,0,1,1,1,0,0,0,0
54795,0,0,0,0,0,3,1,4,0,0,0
70267,1,6,0,0,1,0,1,5,3,2,0
34084,1,0,0,0,0,3,0,1,1,1,0
20258,1,1,0,0,0,0,0,1,2,0,0
65333,0,2,0,0,1,0,1,1,1,1,0
56629,0,0,0,0,0,0,1,1,3,1,0
22417,0,0,0,0,0,3,1,1,1,1,0
49925,0,6,0,0,1,0,1,1,1,3,0
72696,0,5,0,0,1,0,0,1,6,0,0
39708,1,5,0,0,1,0,1,0,2,2,0
60426,0,6,0,0,1,1,0,0,4,1,0
70540,0,3,0,0,1,0,0,6,4,3,0
44813,0,2,0,0,0,0,1,0,2,3,0
47153,0,7,0,0,1,0,0,1,2,2,0
8175,1,1,0,0,0,0,0,1,1,0,0
61528,0,4,0,0,1,2,0,1,3,0,0
38771,0,3,0,0,0,2,0,4,5,1,0
31189,1,5,0,0,1,2,0,1,4,3,0
27804,1,1,0,0,0,0,1,3,4,1,0
41842,1,7,0,0,1,2,1,1,2,1,0
11962,1,3,0,0,1,0,0,1,3,0,0
45404,0,7,0,0,1,0,1,0,3,1,0
63650,0,4,0,0,1,2,0,4,3,2,0
72186,0,1,0,0,0,0,1,1,5,0,0
40240,1,3,1,0,1,1,0,1,1,3,0
25931,0,7,0,0,1,1,0,6,3,2,0
21292,1,3,0,0,1,0,1,3,2,0,0
25391,0,0,0,0,0,3,1,0,0,1,0
65469,1,0,0,0,0,3,1,3,1,0,0
63575,1,0,0,0,0,3,0,1,0,1,0
30457,0,5,1,0,1,2,1,1,4,3,0
5951,1,2,1,0,0,0,0,1,4,3,0
8690,0,7,0,0,1,0,0,1,3,0,0
47691,1,1,0,0,0,0,1,1,3,0,0
25982,1,1,0,0,0,0,1,1,2,2,0
70058,0,6,1,0,1,1,0,2,4,3,0
61868,0,6,0,0,1,0,0,1,1,2,0
46086,0,5,0,0,1,0,0,1,2,0,0
68596,0,1,0,0,0,0,0,0,2,0,0
10281,0,4,1,0,1,1,1,5,2,0,0
31409,1,3,0,0,1,0,1,1,4,0,0
54067,0,2,0,0,0,0,1,0,1,2,0
9731,1,0,0,0,0,3,0,1,1,1,0
24009,1,0,0,0,0,3,0,1,0,1,0
61694,1,5,0,0,1,1,1,3,3,0,0
7453,0,4,0,0,1,0,0,1,1,3,0
66405,0,2,0,0,1,0,0,3,2,0,0
66650,0,1,0,0,0,0,0,0,5,0,0
59945,0,1,0,0,0,0,0,4,1,0,0
16245,1,4,1,0,1,1,1,6,6,0,0
68094,0,4,0,0,1,0,1,3,2,1,0
64661,0,7,0,0,0,1,0,0,3,0,0
61376,1,3,0,0,1,0,0,6,4,2,0
47236,0,4,0,0,1,0,0,4,3,0,0
875,0,2,0,0,0,0,0,0,1,0,0
63986,1,6,0,0,1,0,1,4,4,0,0
55410,0,4,0,0,1,1,0,0,1,0,0
63287,0,4,0,0,1,0,0,1,4,3,0
3720,0,0,0,0,0,3,1,1,1,1,0
20274,1,4,0,0,1,0,0,2,3,1,0
50338,0,2,0,0,1,0,0,1,2,2,0
58209,0,1,0,0,0,0,0,4,1,0,0
20634,0,0,0,0,0,3,0,1,0,0,0
3251,1,5,0,0,1,0,0,3,2,2,0
12677,0,6,0,0,1,0,1,1,2,0,0
45160,1,0,0,0,0,3,1,1,0,1,0
67940,0,4,0,0,1,2,1,1,2,0,0
8145,1,2,0,0,0,0,0,1,2,3,0
39393,0,6,0,0,1,0,0,0,4,0,0
57710,0,4,0,0,1,0,1,3,1,1,0
12487,1,6,0,0,1,0,0,1,3,3,0
16513,1,7,0,0,1,0,0,2,2,0,0
42297,0,3,0,0,1,0,0,3,2,1,0
63656,0,1,0,0,0,0,0,2,5,2,0
56233,0,4,0,0,0,0,1,3,2,0,0
22591,0,0,0,0,0,3,0,1,1,1,0
23757,0,6,0,0,0,0,0,2,2,1,0
19601,0,1,0,0,0,0,0,2,1,0,0
61801,1,1,0,0,0,0,0,0,1,1,0
949,1,1,0,0,0,0,1,1,3,0,0
10995,1,7,1,0,1,0,1,7,3,0,0
37431,0,3,0,0,1,2,0,2,1,1,0
53697,1,5,0,1,1,0,1,6,2,3,0
67012,1,6,1,0,1,0,1,5,3,1,0
30525,0,7,0,0,1,2,0,1,1,2,0
25860,0,0,0,0,0,3,1,3,0,1,0
21743,1,0,0,0,0,3,0,1,0,1,0
25833,0,3,0,0,1,0,1,2,2,0,0
64652,0,4,0,0,1,0,1,0,1,0,0
45710,0,3,0,0,1,2,1,2,2,1,0
27853,0,2,0,0,1,1,1,1,1,0,0
5964,0,5,0,0,1,0,0,5,3,1,0
6976,0,3,0,0,1,0,0,1,1,0,0
11145,0,0,0,0,0,3,0,2,0,1,0
39229,0,1,0,0,1,0,1,0,3,0,0
14189,1,1,0,0,0,0,1,1,1,1,0
49929,1,1,0,0,0,0,1,3,2,0,0
56328,0,6,0,0,1,0,1,6,3,0,0
26742,0,6,0,0,1,2,0,1,2,2,0
63158,1,1,0,0,0,0,0,0,5,1,0
27435,0,1,0,0,0,0,0,1,3,1,0
10829,0,1,0,0,0,0,1,1,1,0,0
70593,0,3,0,0,1,0,1,5,4,2,0
42647,0,5,0,0,1,2,0,2,2,2,0
48109,0,7,0,1,1,0,1,1,1,0,0
40732,0,4,0,0,1,1,1,4,5,2,0
58635,0,7,0,0,1,1,0,1,4,2,0
844,0,5,0,0,1,0,0,1,2,3,0
14688,0,4,0,0,1,0,0,1,2,3,0
23026,0,4,0,0,1,0,1,1,1,0,0
30463,1,2,0,0,0,0,0,1,2,2,0
50140,0,4,0,0,1,2,1,4,5,3,0
36837,0,6,0,0,1,1,0,0,2,0,0
57333,0,5,0,0,1,2,1,0,2,1,0
19826,0,7,0,0,1,1,1,1,1,2,0
37713,1,2,0,0,1,0,0,5,3,0,0
6278,1,0,0,0,0,3,0,1,0,1,0
15517,0,2,0,0,1,0,0,1,1,0,0
25326,0,3,0,0,0,0,1,1,1,1,0
57034,0,3,0,0,0,0,1,3,3,0,0
70718,1,2,0,0,1,0,1,4,3,0,0
47461,0,2,0,0,1,0,0,3,2,1,0
50091,0,3,0,0,0,2,0,5,3,3,0
62416,0,2,0,0,1,0,1,1,2,0,0
5288,1,0,0,0,0,3,0,2,0,1,0
66951,0,7,0,0,1,0,0,6,2,0,0
28335,1,1,0,0,1,0,1,1,1,0,0
67465,0,1,0,0,0,0,1,3,0,0,0
19508,0,2,0,0,0,0,0,3,1,2,0
65405,0,7,0,0,0,0,0,7,2,2,0
49773,0,7,0,0,1,0,0,6,2,2,0
57159,1,5,0,0,1,1,1,3,1,0,0
69710,0,4,0,0,0,1,1,0,2,0,0
58834,1,5,0,0,1,2,0,0,2,1,0
5121,1,2,0,0,1,0,0,1,1,1,0
44878,1,5,0,0,1,0,1,5,2,3,0
40220,1,2,0,0,0,0,1,2,2,2,0
19692,1,3,0,0,0,0,1,3,2,1,0
27616,1,2,0,0,1,2,1,1,1,0,0
19801,0,4,0,0,1,0,1,1,2,0,0
21467,1,4,0,0,1,0,0,1,3,1,0
25102,0,4,0,0,1,2,0,1,5,2,0
29028,0,3,0,0,1,0,1,1,1,0,0
15581,1,0,0,0,0,3,0,2,1,1,0
16738,0,3,0,0,1,0,1,1,2,0,0
31836,0,0,0,0,0,3,0,1,1,1,0
43496,0,4,0,0,1,2,0,0,2,0,0
52677,0,4,0,0,1,0,0,1,1,0,0
11630,0,1,0,0,0,0,0,1,2,3,0
53478,0,3,0,0,1,0,0,1,5,2,0
38349,0,4,0,0,1,2,0,0,5,0,0
48425,1,1,0,0,0,0,1,1,1,0,0
64420,0,6,0,0,1,2,1,3,1,1,0
60271,1,7,0,0,1,0,0,0,2,2,0
38009,1,3,0,0,1,0,0,6,3,0,0
11184,0,7,0,0,1,1,1,6,4,0,0
68967,1,3,0,0,1,0,0,5,2,1,0
66684,1,6,0,0,1,1,1,5,1,1,0
7789,0,2,0,0,1,0,0,1,4,0,0
40112,0,3,0,0,0,0,0,3,2,0,0
65814,1,1,0,0,0,0,0,4,1,0,0
49598,1,7,0,0,1,1,0,3,1,2,0
15599,0,1,0,0,0,0,0,1,2,0,0
62425,0,0,0,0,0,3,0,0,0,1,0
52652,1,7,0,0,1,0,1,4,4,1,0
71957,0,2,0,0,1,0,1,0,5,3,0
17231,0,1,0,0,0,0,0,1,1,0,0
30379,0,5,0,0,1,2,0,2,2,3,0
63997,1,6,0,0,1,0,0,2,4,1,0
39935,0,2,0,0,1,0,1,5,1,0,0
8203,1,1,0,0,0,0,1,2,1,1,0
27446,0,0,0,0,0,3,0,1,0,1,0
22691,0,2,0,0,1,1,0,1,2,0,0
37680,1,5,0,0,1,2,1,2,5,2,0
24552,0,4,0,0,1,0,1,1,4,3,0
72914,0,1,0,0,0,0,0,1,1,1,0
29540,1,6,0,0,1,0,1,1,2,3,0
53525,0,7,0,0,1,0,0,1,3,2,0
65411,0,4,0,0,1,0,0,4,1,1,0
26214,0,6,0,0,1,1,1,1,3,2,0
22190,0,6,1,0,1,1,0,1,3,1,0
4211,1,2,0,0,0,2,1,2,1,3,0
6369,1,5,1,0,1,0,1,1,3,0,0
56799,1,7,0,0,1,2,0,1,4,0,0
28048,1,0,0,0,0,3,0,1,1,1,0
41512,1,5,0,0,1,2,1,1,2,0,0
64520,1,6,0,0,1,1,0,1,5,1,0
579,1,0,0,0,0,3,0,1,0,1,0
68398,1,7,1,0,1,1,1,1,2,0,0
36901,0,4,0,0,1,0,0,1,1,1,0
45010,0,5,0,0,1,0,1,1,1,0,0
22127,0,1,0,0,0,0,0,1,5,1,0
14180,0,0,0,0,0,3,1,2,1,1,0
44873,0,7,0,0,1,1,0,3,5,0,0
19723,0,2,0,0,1,1,1,1,3,0,0
37544,1,4,0,0,1,0,1,5,2,2,0
44679,0,4,0,0,1,2,0,1,2,1,0
